Species,Individual,AgeFirstCapture
1,1,2
1,2,2
1,3,2
1,4,2
1,5,2
1,6,2
1,7,2
1,8,2
1,9,2
1,10,2
1,11,2
1,12,2
1,13,2
1,14,2
1,15,2
1,16,2
1,17,2
1,18,2
1,19,2
1,20,2
1,21,2
1,22,2
1,23,2
1,24,2
1,25,2
1,26,2
1,27,2
1,28,2
1,29,2
1,30,2
1,31,2
1,32,2
1,33,2
1,34,2
1,35,2
1,36,2
1,37,2
1,38,2
1,39,2
1,40,2
1,41,1
1,42,1
1,43,1
1,44,1
1,45,1
1,46,1
1,47,1
1,48,1
1,49,1
1,50,1
1,51,1
1,52,1
1,53,1
1,54,2
1,55,1
1,56,1
1,57,2
1,58,2
1,59,1
1,60,1
1,61,1
1,62,2
1,63,1
1,64,1
1,65,2
1,66,1
1,67,1
1,68,1
1,69,1
1,70,1
1,71,2
1,72,2
1,73,1
1,74,1
1,75,1
1,76,1
1,77,2
1,78,2
1,79,2
1,80,1
1,81,1
1,82,1
1,83,1
1,84,1
1,85,1
1,86,1
1,87,2
1,88,1
1,89,1
1,90,1
1,91,1
1,92,1
1,93,1
1,94,1
1,95,1
1,96,1
1,97,1
1,98,1
1,99,1
1,100,1
1,101,1
1,102,2
1,103,1
1,104,1
1,105,1
1,106,1
1,107,1
1,108,1
1,109,1
1,110,1
1,111,1
1,112,1
1,113,1
1,114,1
1,115,1
1,116,1
1,117,1
1,118,1
1,119,1
1,120,1
1,121,1
1,122,1
1,123,1
1,124,1
1,125,1
1,126,1
1,127,1
1,128,1
1,129,1
1,130,1
1,131,1
1,132,1
1,133,1
1,134,1
1,135,1
1,136,1
1,137,1
1,138,1
1,139,1
1,140,1
1,141,1
1,142,1
1,143,1
1,144,1
1,145,1
1,146,1
1,147,1
1,148,1
1,149,1
1,150,2
1,151,1
1,152,2
1,153,1
1,154,2
1,155,1
1,156,2
1,157,1
1,158,2
1,159,1
1,160,2
1,161,2
1,162,1
1,163,1
1,164,1
1,165,1
1,166,1
1,167,1
1,168,2
1,169,1
1,170,1
1,171,1
1,172,2
1,173,2
1,174,1
1,175,1
1,176,1
1,177,1
1,178,2
1,179,1
1,180,2
1,181,1
1,182,1
1,183,1
1,184,1
1,185,1
1,186,1
1,187,1
1,188,1
1,189,1
1,190,1
1,191,1
1,192,1
1,193,1
1,194,1
1,195,2
1,196,1
1,197,1
1,198,1
1,199,1
1,200,2
1,201,1
1,202,1
1,203,1
1,204,1
1,205,1
1,206,1
1,207,1
1,208,1
1,209,1
1,210,1
1,211,1
1,212,1
1,213,2
1,214,1
1,215,1
1,216,1
1,217,1
1,218,1
1,219,1
1,220,2
1,221,1
1,222,1
1,223,1
1,224,1
1,225,1
1,226,1
1,227,1
1,228,1
1,229,1
1,230,1
1,231,1
1,232,1
1,233,1
1,234,1
1,235,1
1,236,1
1,237,1
1,238,1
1,239,1
1,240,1
1,241,1
1,242,1
1,243,1
1,244,1
1,245,1
1,246,1
1,247,1
1,248,1
1,249,1
1,250,1
1,251,1
1,252,1
1,253,1
1,254,1
1,255,1
1,256,1
1,257,1
1,258,1
1,259,2
1,260,1
1,261,1
1,262,1
1,263,1
1,264,1
1,265,1
1,266,1
1,267,1
1,268,1
1,269,1
1,270,1
1,271,2
1,272,1
1,273,1
1,274,1
1,275,1
1,276,1
1,277,1
1,278,1
1,279,1
1,280,1
1,281,1
1,282,1
1,283,2
1,284,1
1,285,1
1,286,1
1,287,1
1,288,1
1,289,1
1,290,2
1,291,1
1,292,1
1,293,2
1,294,1
1,295,1
1,296,2
1,297,1
1,298,1
1,299,1
1,300,1
1,301,1
1,302,1
1,303,1
1,304,1
1,305,1
1,306,1
1,307,1
1,308,1
1,309,1
1,310,1
1,311,1
1,312,2
1,313,1
1,314,1
1,315,1
1,316,1
1,317,1
1,318,1
1,319,1
1,320,1
1,321,1
1,322,1
1,323,1
1,324,2
1,325,1
1,326,1
1,327,1
1,328,1
1,329,1
1,330,1
1,331,1
1,332,1
1,333,1
1,334,2
1,335,1
1,336,2
1,337,1
1,338,1
1,339,1
1,340,1
1,341,1
1,342,1
1,343,1
1,344,1
1,345,1
1,346,1
1,347,1
1,348,1
1,349,1
1,350,2
1,351,1
1,352,1
1,353,1
1,354,1
1,355,1
1,356,2
1,357,1
1,358,1
1,359,1
1,360,1
1,361,1
1,362,2
1,363,2
1,364,1
1,365,1
1,366,2
1,367,1
1,368,1
1,369,1
1,370,1
1,371,1
1,372,1
1,373,1
1,374,1
1,375,1
1,376,1
1,377,1
1,378,1
1,379,1
1,380,1
1,381,1
1,382,1
1,383,1
1,384,1
1,385,1
1,386,2
1,387,1
1,388,1
1,389,1
1,390,1
1,391,1
1,392,1
1,393,1
1,394,1
1,395,1
1,396,1
1,397,1
1,398,2
1,399,1
1,400,1
1,401,1
1,402,1
1,403,1
1,404,1
1,405,1
1,406,1
1,407,1
1,408,1
1,409,1
1,410,1
1,411,1
1,412,1
1,413,1
1,414,1
1,415,2
1,416,1
1,417,2
1,418,1
1,419,1
1,420,1
1,421,1
1,422,1
1,423,2
1,424,1
1,425,1
1,426,1
1,427,1
1,428,1
1,429,1
1,430,1
1,431,1
1,432,2
1,433,2
1,434,1
1,435,1
1,436,1
1,437,1
1,438,1
1,439,2
1,440,1
1,441,1
1,442,1
1,443,1
1,444,1
1,445,1
1,446,1
1,447,1
1,448,1
1,449,1
1,450,1
1,451,1
1,452,1
1,453,1
1,454,1
1,455,2
1,456,2
1,457,2
1,458,1
1,459,1
1,460,1
1,461,1
1,462,1
1,463,1
1,464,1
1,465,2
1,466,1
1,467,1
1,468,1
1,469,1
1,470,1
1,471,1
1,472,2
1,473,1
1,474,1
1,475,1
1,476,1
1,477,2
1,478,2
1,479,2
1,480,1
1,481,2
1,482,1
1,483,1
1,484,1
1,485,1
1,486,1
1,487,1
1,488,1
1,489,1
1,490,1
1,491,2
1,492,2
1,493,1
1,494,1
1,495,1
1,496,1
1,497,1
1,498,1
1,499,1
1,500,2
1,501,1
1,502,2
1,503,1
1,504,1
1,505,1
1,506,1
1,507,1
1,508,1
1,509,1
1,510,1
1,511,2
1,512,1
1,513,2
1,514,1
1,515,2
1,516,1
1,517,1
1,518,1
1,519,1
1,520,1
1,521,2
1,522,2
1,523,1
1,524,1
1,525,1
1,526,1
1,527,1
1,528,1
1,529,1
1,530,1
1,531,1
1,532,1
1,533,1
1,534,2
1,535,1
1,536,2
1,537,1
1,538,1
1,539,1
1,540,1
1,541,1
1,542,1
1,543,1
1,544,1
1,545,1
1,546,1
1,547,1
1,548,1
1,549,2
1,550,2
1,551,1
1,552,1
1,553,1
1,554,1
1,555,1
1,556,1
1,557,1
1,558,1
1,559,1
1,560,1
1,561,1
1,562,1
1,563,1
1,564,1
1,565,1
1,566,1
1,567,1
1,568,1
1,569,1
1,570,1
1,571,1
1,572,1
1,573,1
1,574,1
1,575,1
1,576,1
1,577,1
1,578,1
1,579,1
1,580,1
1,581,1
1,582,1
1,583,1
1,584,1
1,585,1
1,586,1
1,587,1
1,588,1
1,589,1
1,590,1
1,591,1
1,592,1
1,593,1
1,594,1
1,595,1
1,596,1
2,1,2
2,2,2
2,3,2
2,4,2
2,5,2
2,6,2
2,7,2
2,8,2
2,9,2
2,10,2
2,11,2
2,12,2
2,13,2
2,14,2
2,15,2
2,16,2
2,17,2
2,18,2
2,19,2
2,20,2
2,21,2
2,22,2
2,23,2
2,24,2
2,25,2
2,26,2
2,27,2
2,28,2
2,29,2
2,30,2
2,31,2
2,32,2
2,33,2
2,34,2
2,35,2
2,36,2
2,37,2
2,38,2
2,39,2
2,40,2
2,41,2
2,42,2
2,43,2
2,44,2
2,45,2
2,46,1
2,47,1
2,48,1
2,49,1
2,50,1
2,51,1
2,52,1
2,53,1
2,54,1
2,55,1
2,56,2
2,57,1
2,58,1
2,59,1
2,60,1
2,61,2
2,62,1
2,63,1
2,64,2
2,65,1
2,66,1
2,67,1
2,68,1
2,69,1
2,70,1
2,71,1
2,72,1
2,73,1
2,74,1
2,75,1
2,76,1
2,77,1
2,78,2
2,79,1
2,80,1
2,81,1
2,82,1
2,83,1
2,84,2
2,85,1
2,86,1
2,87,1
2,88,1
2,89,1
2,90,1
2,91,1
2,92,1
2,93,1
2,94,1
2,95,1
2,96,1
2,97,1
2,98,1
2,99,1
2,100,1
2,101,1
2,102,1
2,103,1
2,104,1
2,105,1
2,106,1
2,107,2
2,108,1
2,109,1
2,110,1
2,111,1
2,112,1
2,113,1
2,114,1
2,115,1
2,116,1
2,117,1
2,118,2
2,119,1
2,120,1
2,121,1
2,122,1
2,123,1
2,124,1
2,125,1
2,126,1
2,127,1
2,128,1
2,129,1
2,130,1
2,131,1
2,132,1
2,133,1
2,134,1
2,135,1
2,136,2
2,137,1
2,138,1
2,139,1
2,140,1
2,141,1
2,142,1
2,143,2
2,144,1
2,145,2
2,146,1
2,147,2
2,148,2
2,149,1
2,150,1
2,151,1
2,152,1
2,153,1
2,154,2
2,155,1
2,156,1
2,157,1
2,158,1
2,159,1
2,160,1
2,161,1
2,162,1
2,163,1
2,164,1
2,165,2
2,166,2
2,167,1
2,168,1
2,169,1
2,170,1
2,171,2
2,172,1
2,173,1
2,174,1
2,175,1
2,176,1
2,177,1
2,178,1
2,179,1
2,180,1
2,181,1
2,182,2
2,183,1
2,184,1
2,185,1
2,186,1
2,187,1
2,188,1
2,189,1
2,190,1
2,191,1
2,192,1
2,193,1
2,194,1
2,195,1
2,196,1
2,197,1
2,198,1
2,199,1
2,200,1
2,201,1
2,202,1
2,203,1
2,204,1
2,205,1
2,206,1
2,207,1
2,208,1
2,209,1
2,210,1
2,211,1
2,212,1
2,213,1
2,214,1
2,215,1
2,216,1
2,217,1
2,218,1
2,219,1
2,220,1
2,221,1
2,222,2
2,223,1
2,224,1
2,225,1
2,226,2
2,227,1
2,228,1
2,229,2
2,230,1
2,231,2
2,232,1
2,233,1
2,234,1
2,235,1
2,236,1
2,237,1
2,238,1
2,239,1
2,240,1
2,241,1
2,242,2
2,243,1
2,244,1
2,245,1
2,246,1
2,247,1
2,248,1
2,249,1
2,250,1
2,251,1
2,252,1
2,253,1
2,254,1
2,255,1
2,256,1
2,257,1
2,258,1
2,259,1
2,260,1
2,261,1
2,262,1
2,263,1
2,264,1
2,265,1
2,266,1
2,267,1
2,268,1
2,269,1
2,270,1
2,271,1
2,272,1
2,273,1
2,274,1
2,275,1
2,276,1
2,277,1
2,278,1
2,279,1
2,280,1
2,281,1
2,282,1
2,283,1
2,284,1
2,285,1
2,286,1
2,287,1
2,288,1
2,289,1
2,290,1
2,291,1
2,292,1
2,293,1
2,294,1
2,295,1
2,296,1
2,297,1
2,298,2
2,299,1
2,300,1
2,301,1
2,302,1
2,303,2
2,304,1
2,305,2
2,306,1
2,307,1
2,308,1
2,309,1
2,310,1
2,311,1
2,312,1
2,313,1
2,314,1
2,315,1
2,316,2
2,317,1
2,318,1
2,319,1
2,320,1
2,321,1
2,322,2
2,323,1
2,324,1
2,325,1
2,326,1
2,327,1
2,328,1
2,329,1
2,330,1
2,331,1
2,332,2
2,333,2
2,334,1
2,335,1
2,336,1
2,337,1
2,338,1
2,339,1
2,340,1
2,341,1
2,342,1
2,343,1
2,344,2
2,345,1
2,346,1
2,347,1
2,348,1
2,349,1
2,350,1
2,351,1
2,352,1
2,353,1
2,354,1
2,355,1
2,356,1
2,357,1
2,358,1
2,359,2
2,360,1
2,361,1
2,362,1
2,363,1
2,364,1
2,365,1
2,366,1
2,367,1
2,368,1
2,369,1
2,370,1
2,371,1
2,372,1
2,373,1
2,374,1
2,375,1
2,376,1
2,377,1
2,378,1
2,379,1
2,380,1
2,381,1
2,382,1
2,383,2
2,384,1
2,385,1
2,386,2
2,387,1
2,388,1
2,389,1
2,390,1
2,391,1
2,392,1
2,393,1
2,394,1
2,395,1
2,396,1
2,397,1
2,398,1
2,399,1
2,400,1
2,401,2
2,402,1
2,403,2
2,404,1
2,405,1
2,406,1
2,407,2
2,408,1
2,409,1
2,410,1
2,411,1
2,412,2
2,413,2
2,414,1
2,415,1
2,416,2
2,417,2
2,418,1
2,419,1
2,420,1
2,421,1
2,422,1
2,423,1
2,424,1
2,425,1
2,426,1
2,427,1
2,428,1
2,429,1
2,430,1
2,431,2
2,432,1
2,433,1
2,434,1
2,435,1
2,436,1
2,437,1
2,438,1
2,439,1
2,440,1
2,441,1
2,442,1
2,443,1
2,444,1
2,445,1
2,446,2
2,447,1
2,448,1
2,449,1
2,450,1
2,451,1
2,452,1
2,453,1
2,454,1
2,455,1
2,456,1
2,457,1
2,458,1
2,459,1
2,460,1
2,461,2
2,462,1
2,463,1
2,464,1
2,465,1
2,466,1
2,467,1
2,468,2
2,469,1
2,470,1
2,471,1
2,472,2
2,473,1
2,474,1
2,475,1
2,476,1
2,477,1
2,478,2
2,479,1
2,480,2
2,481,1
2,482,1
2,483,1
2,484,1
2,485,1
2,486,1
2,487,1
2,488,1
2,489,1
2,490,1
2,491,1
2,492,1
2,493,1
2,494,1
2,495,1
2,496,1
2,497,1
2,498,1
2,499,1
2,500,1
2,501,1
2,502,1
2,503,1
2,504,1
2,505,1
2,506,2
2,507,1
2,508,1
2,509,1
2,510,1
2,511,1
2,512,1
2,513,1
2,514,1
2,515,1
2,516,1
2,517,1
2,518,1
2,519,1
2,520,1
2,521,1
2,522,1
2,523,1
2,524,1
2,525,1
2,526,1
2,527,1
2,528,1
2,529,1
2,530,1
2,531,1
2,532,2
2,533,1
2,534,1
2,535,1
2,536,1
2,537,1
2,538,1
2,539,1
2,540,1
2,541,1
2,542,1
2,543,1
2,544,1
2,545,1
2,546,1
2,547,1
2,548,1
2,549,2
2,550,1
2,551,1
2,552,1
2,553,1
2,554,1
2,555,2
2,556,2
2,557,2
2,558,1
2,559,1
2,560,1
2,561,1
2,562,1
2,563,1
2,564,1
2,565,1
2,566,1
2,567,1
2,568,1
2,569,2
2,570,1
2,571,1
2,572,1
2,573,1
2,574,1
2,575,1
2,576,1
2,577,1
2,578,1
2,579,1
2,580,1
2,581,1
2,582,1
2,583,1
2,584,1
2,585,1
2,586,1
2,587,1
2,588,1
2,589,1
2,590,1
2,591,1
2,592,1
2,593,1
2,594,1
2,595,1
2,596,1
2,597,1
2,598,1
2,599,1
2,600,1
2,601,1
2,602,1
2,603,1
2,604,1
2,605,1
2,606,1
2,607,1
2,608,1
2,609,1
2,610,1
2,611,1
2,612,1
2,613,1
2,614,1
2,615,2
2,616,1
2,617,1
2,618,1
2,619,1
2,620,1
2,621,1
2,622,1
2,623,1
2,624,1
2,625,1
2,626,1
2,627,1
2,628,1
2,629,2
2,630,1
2,631,2
2,632,1
2,633,1
2,634,1
2,635,1
2,636,1
2,637,1
2,638,1
2,639,1
2,640,1
2,641,1
2,642,1
2,643,1
2,644,1
2,645,1
2,646,2
2,647,2
2,648,1
2,649,1
2,650,1
2,651,2
2,652,1
2,653,1
2,654,1
2,655,1
2,656,2
2,657,1
2,658,1
2,659,1
2,660,1
2,661,1
2,662,1
2,663,1
2,664,1
2,665,2
2,666,1
2,667,2
2,668,1
2,669,1
2,670,1
2,671,1
2,672,1
2,673,1
2,674,2
2,675,1
2,676,1
2,677,1
2,678,2
2,679,1
2,680,1
2,681,1
2,682,1
2,683,1
2,684,1
2,685,1
2,686,1
2,687,2
2,688,1
2,689,1
2,690,1
2,691,1
2,692,1
2,693,2
2,694,1
2,695,1
2,696,1
2,697,1
2,698,1
2,699,1
2,700,1
2,701,1
2,702,2
2,703,2
2,704,1
2,705,1
2,706,1
2,707,1
2,708,1
2,709,1
2,710,1
2,711,1
2,712,1
2,713,1
2,714,1
2,715,1
2,716,1
2,717,2
2,718,1
2,719,1
2,720,1
2,721,1
2,722,1
2,723,1
2,724,2
2,725,1
2,726,1
2,727,1
2,728,1
2,729,1
2,730,1
2,731,1
2,732,1
2,733,1
2,734,1
2,735,1
2,736,1
2,737,1
2,738,2
2,739,1
2,740,1
2,741,1
2,742,1
2,743,1
2,744,1
2,745,1
2,746,1
2,747,1
2,748,1
2,749,1
2,750,1
2,751,1
2,752,1
2,753,1
2,754,1
2,755,1
2,756,1
2,757,2
2,758,1
2,759,1
2,760,1
2,761,1
2,762,1
2,763,1
2,764,1
2,765,1
2,766,2
2,767,1
2,768,1
2,769,1
2,770,1
2,771,1
2,772,1
2,773,1
2,774,1
2,775,1
2,776,1
2,777,1
2,778,1
2,779,2
2,780,1
2,781,1
2,782,1
2,783,2
2,784,1
2,785,1
2,786,1
2,787,1
2,788,2
2,789,2
2,790,1
2,791,1
2,792,1
2,793,1
2,794,2
2,795,1
2,796,1
2,797,1
2,798,1
2,799,1
2,800,1
2,801,1
2,802,1
2,803,1
2,804,1
2,805,1
2,806,1
2,807,1
2,808,1
2,809,1
2,810,1
2,811,1
2,812,1
2,813,1
2,814,2
2,815,1
2,816,1
2,817,1
2,818,1
2,819,1
2,820,1
2,821,1
2,822,1
2,823,2
2,824,1
2,825,1
2,826,2
2,827,1
2,828,1
2,829,1
2,830,1
2,831,1
2,832,1
2,833,1
2,834,1
2,835,1
2,836,1
2,837,1
2,838,1
2,839,1
2,840,1
2,841,1
2,842,1
2,843,1
2,844,1
2,845,1
2,846,1
2,847,2
2,848,1
2,849,1
2,850,1
2,851,1
2,852,1
2,853,1
2,854,1
2,855,1
2,856,2
2,857,1
2,858,1
2,859,1
2,860,1
2,861,2
2,862,1
2,863,1
2,864,1
2,865,1
2,866,1
2,867,1
2,868,2
2,869,1
2,870,1
2,871,1
2,872,1
2,873,1
2,874,1
2,875,1
2,876,1
2,877,1
2,878,2
2,879,1
2,880,1
2,881,1
2,882,1
2,883,1
2,884,2
2,885,1
2,886,1
2,887,2
2,888,1
2,889,1
2,890,1
2,891,1
2,892,2
2,893,1
2,894,1
2,895,1
2,896,1
2,897,1
2,898,1
2,899,1
2,900,1
2,901,1
2,902,1
2,903,1
2,904,1
2,905,1
2,906,1
2,907,1
2,908,1
2,909,1
2,910,1
2,911,1
2,912,1
2,913,1
2,914,1
2,915,1
2,916,1
2,917,1
2,918,1
2,919,1
2,920,1
2,921,1
2,922,1
2,923,1
2,924,1
2,925,1
2,926,1
2,927,1
2,928,1
2,929,1
2,930,1
2,931,2
2,932,1
2,933,1
2,934,1
2,935,1
2,936,1
2,937,1
2,938,1
2,939,1
2,940,1
2,941,1
2,942,1
2,943,2
2,944,2
2,945,1
2,946,2
2,947,1
2,948,1
2,949,1
2,950,1
2,951,1
2,952,2
2,953,1
2,954,1
2,955,1
2,956,2
2,957,1
2,958,1
2,959,1
2,960,1
2,961,1
2,962,2
2,963,1
2,964,1
2,965,1
2,966,1
2,967,1
2,968,1
2,969,1
2,970,1
2,971,1
2,972,1
2,973,2
2,974,1
2,975,1
2,976,1
2,977,1
2,978,1
2,979,1
2,980,1
2,981,1
2,982,1
2,983,1
2,984,2
2,985,1
2,986,2
2,987,1
2,988,1
2,989,1
2,990,1
2,991,1
2,992,1
2,993,1
2,994,1
2,995,1
2,996,1
2,997,1
2,998,1
2,999,1
2,1000,1
2,1001,1
2,1002,1
2,1003,1
2,1004,1
2,1005,1
2,1006,1
2,1007,1
2,1008,1
2,1009,1
2,1010,1
2,1011,1
2,1012,1
2,1013,1
2,1014,1
2,1015,1
2,1016,1
2,1017,1
2,1018,1
2,1019,1
2,1020,1
2,1021,1
2,1022,1
2,1023,2
2,1024,1
2,1025,1
2,1026,1
2,1027,1
2,1028,1
2,1029,1
2,1030,1
2,1031,1
2,1032,1
2,1033,1
2,1034,1
2,1035,1
2,1036,1
2,1037,1
2,1038,1
2,1039,1
2,1040,1
2,1041,1
2,1042,1
2,1043,1
2,1044,1
2,1045,1
2,1046,1
2,1047,1
2,1048,1
2,1049,1
2,1050,1
2,1051,1
2,1052,1
2,1053,1
2,1054,1
2,1055,2
2,1056,2
2,1057,1
2,1058,1
2,1059,1
2,1060,2
2,1061,1
2,1062,1
2,1063,1
2,1064,1
2,1065,2
2,1066,1
2,1067,1
2,1068,2
2,1069,1
2,1070,1
2,1071,2
2,1072,1
2,1073,1
2,1074,1
2,1075,1
2,1076,1
2,1077,1
2,1078,2
2,1079,1
2,1080,1
2,1081,1
2,1082,1
2,1083,1
2,1084,2
2,1085,1
2,1086,1
2,1087,1
2,1088,1
2,1089,1
2,1090,1
2,1091,1
2,1092,1
2,1093,1
2,1094,1
2,1095,1
2,1096,1
2,1097,2
2,1098,1
2,1099,1
2,1100,1
2,1101,1
2,1102,1
2,1103,1
2,1104,1
2,1105,2
2,1106,1
2,1107,1
2,1108,1
2,1109,1
2,1110,1
2,1111,1
2,1112,1
2,1113,1
2,1114,1
2,1115,1
2,1116,1
2,1117,1
2,1118,1
2,1119,1
2,1120,1
2,1121,1
2,1122,1
2,1123,1
2,1124,1
2,1125,1
2,1126,1
2,1127,2
2,1128,1
2,1129,1
2,1130,1
2,1131,1
2,1132,1
2,1133,1
2,1134,1
2,1135,1
2,1136,1
2,1137,1
2,1138,1
2,1139,2
2,1140,1
2,1141,1
2,1142,1
2,1143,1
2,1144,1
2,1145,1
2,1146,1
2,1147,1
2,1148,1
2,1149,1
2,1150,1
2,1151,1
2,1152,1
2,1153,1
2,1154,2
2,1155,1
2,1156,1
2,1157,1
2,1158,1
2,1159,1
2,1160,1
2,1161,1
2,1162,1
2,1163,1
2,1164,1
2,1165,1
2,1166,1
2,1167,1
2,1168,1
2,1169,1
2,1170,1
2,1171,1
2,1172,1
2,1173,1
2,1174,1
2,1175,1
2,1176,1
2,1177,1
2,1178,1
2,1179,1
2,1180,1
2,1181,1
2,1182,1
2,1183,1
2,1184,1
2,1185,1
2,1186,1
2,1187,1
2,1188,1
2,1189,1
2,1190,1
2,1191,1
2,1192,1
2,1193,1
2,1194,1
2,1195,1
2,1196,1
2,1197,1
2,1198,1
2,1199,1
2,1200,1
2,1201,1
2,1202,1
2,1203,1
2,1204,1
2,1205,1
2,1206,1
2,1207,1
2,1208,1
2,1209,1
2,1210,1
2,1211,1
2,1212,1
2,1213,1
2,1214,1
2,1215,1
2,1216,1
2,1217,1
2,1218,1
2,1219,1
2,1220,1
2,1221,1
2,1222,1
2,1223,1
2,1224,1
2,1225,1
2,1226,1
2,1227,1
2,1228,1
2,1229,1
2,1230,1
2,1231,1
2,1232,1
2,1233,1
2,1234,1
2,1235,1
2,1236,1
2,1237,1
2,1238,1
2,1239,1
2,1240,1
2,1241,1
2,1242,1
2,1243,1
2,1244,1
2,1245,1
2,1246,1
2,1247,1
2,1248,1
2,1249,1
2,1250,1
2,1251,1
2,1252,1
2,1253,1
2,1254,1
2,1255,1
2,1256,1
2,1257,1
2,1258,1
2,1259,1
2,1260,1
2,1261,1
2,1262,1
2,1263,1
2,1264,1
2,1265,1
2,1266,1
2,1267,1
2,1268,1
2,1269,1
2,1270,1
2,1271,1
2,1272,1
2,1273,1
2,1274,1
2,1275,1
2,1276,1
2,1277,1
2,1278,1
2,1279,1
2,1280,1
2,1281,1
2,1282,1
2,1283,1
2,1284,1
2,1285,1
2,1286,1
2,1287,1
2,1288,1
2,1289,1
2,1290,1
2,1291,1
2,1292,1
2,1293,1
2,1294,1
2,1295,1
2,1296,1
2,1297,1
2,1298,1
2,1299,1
2,1300,1
2,1301,1
2,1302,1
2,1303,1
2,1304,1
2,1305,1
2,1306,1
2,1307,1
2,1308,1
2,1309,1
2,1310,1
2,1311,1
2,1312,1
2,1313,1
2,1314,1
2,1315,1
2,1316,1
2,1317,1
2,1318,1
2,1319,1
2,1320,1
2,1321,1
2,1322,1
2,1323,1
2,1324,1
2,1325,1
2,1326,1
2,1327,1
2,1328,1
2,1329,1
2,1330,1
2,1331,1
2,1332,1
2,1333,1
2,1334,1
2,1335,1
2,1336,1
2,1337,1
2,1338,1
2,1339,1
2,1340,1
2,1341,1
2,1342,1
2,1343,1
2,1344,1
2,1345,1
2,1346,1
2,1347,1
3,1,2
3,2,2
3,3,2
3,4,2
3,5,2
3,6,2
3,7,2
3,8,2
3,9,2
3,10,2
3,11,2
3,12,2
3,13,2
3,14,2
3,15,2
3,16,2
3,17,2
3,18,2
3,19,2
3,20,2
3,21,2
3,22,2
3,23,2
3,24,2
3,25,2
3,26,2
3,27,2
3,28,2
3,29,2
3,30,2
3,31,2
3,32,2
3,33,2
3,34,2
3,35,2
3,36,2
3,37,2
3,38,2
3,39,2
3,40,1
3,41,1
3,42,2
3,43,1
3,44,1
3,45,1
3,46,1
3,47,2
3,48,1
3,49,1
3,50,1
3,51,2
3,52,1
3,53,1
3,54,1
3,55,1
3,56,1
3,57,1
3,58,1
3,59,1
3,60,1
3,61,1
3,62,2
3,63,1
3,64,2
3,65,1
3,66,1
3,67,1
3,68,2
3,69,1
3,70,1
3,71,1
3,72,1
3,73,1
3,74,1
3,75,2
3,76,1
3,77,1
3,78,1
3,79,2
3,80,1
3,81,1
3,82,1
3,83,1
3,84,1
3,85,1
3,86,1
3,87,1
3,88,1
3,89,1
3,90,1
3,91,1
3,92,2
3,93,1
3,94,1
3,95,1
3,96,2
3,97,1
3,98,2
3,99,1
3,100,1
3,101,2
3,102,1
3,103,1
3,104,2
3,105,1
3,106,1
3,107,1
3,108,1
3,109,1
3,110,1
3,111,1
3,112,1
3,113,1
3,114,2
3,115,1
3,116,1
3,117,2
3,118,1
3,119,2
3,120,2
3,121,1
3,122,1
3,123,1
3,124,1
3,125,1
3,126,1
3,127,1
3,128,1
3,129,1
3,130,1
3,131,1
3,132,1
3,133,1
3,134,1
3,135,1
3,136,1
3,137,2
3,138,1
3,139,2
3,140,1
3,141,1
3,142,1
3,143,1
3,144,1
3,145,1
3,146,2
3,147,2
3,148,1
3,149,1
3,150,1
3,151,1
3,152,2
3,153,1
3,154,1
3,155,1
3,156,1
3,157,1
3,158,1
3,159,1
3,160,1
3,161,1
3,162,1
3,163,1
3,164,1
3,165,1
3,166,1
3,167,1
3,168,1
3,169,1
3,170,1
3,171,1
3,172,1
3,173,1
3,174,1
3,175,1
3,176,1
3,177,1
3,178,1
3,179,1
3,180,1
3,181,1
3,182,1
3,183,1
3,184,1
3,185,1
3,186,2
3,187,1
3,188,1
3,189,1
3,190,1
3,191,1
3,192,1
3,193,1
3,194,1
3,195,1
3,196,1
3,197,1
3,198,1
3,199,1
3,200,1
3,201,1
3,202,1
3,203,1
3,204,1
3,205,1
3,206,1
3,207,1
3,208,1
3,209,1
3,210,1
3,211,1
3,212,1
3,213,1
3,214,1
3,215,1
3,216,2
3,217,1
3,218,1
3,219,1
3,220,1
3,221,1
3,222,1
3,223,1
3,224,1
3,225,2
3,226,1
3,227,1
3,228,1
3,229,1
3,230,2
3,231,1
3,232,2
3,233,2
3,234,1
3,235,1
3,236,1
3,237,1
3,238,1
3,239,1
3,240,1
3,241,1
3,242,1
3,243,1
3,244,1
3,245,1
3,246,1
3,247,2
3,248,1
3,249,2
3,250,1
3,251,1
3,252,1
3,253,1
3,254,2
3,255,1
3,256,1
3,257,1
3,258,1
3,259,1
3,260,1
3,261,1
3,262,1
3,263,2
3,264,1
3,265,1
3,266,1
3,267,1
3,268,1
3,269,1
3,270,1
3,271,1
3,272,1
3,273,1
3,274,1
3,275,1
3,276,1
3,277,1
3,278,1
3,279,1
3,280,1
3,281,1
3,282,1
3,283,1
3,284,2
3,285,1
3,286,1
3,287,1
3,288,2
3,289,1
3,290,1
3,291,1
3,292,1
3,293,1
3,294,1
3,295,2
3,296,1
3,297,1
3,298,1
3,299,1
3,300,2
3,301,1
3,302,1
3,303,1
3,304,1
3,305,2
3,306,1
3,307,1
3,308,1
3,309,2
3,310,1
3,311,1
3,312,1
3,313,1
3,314,1
3,315,1
3,316,1
3,317,1
3,318,1
3,319,1
3,320,1
3,321,1
3,322,1
3,323,1
3,324,1
3,325,1
3,326,1
3,327,2
3,328,1
3,329,1
3,330,1
3,331,1
3,332,1
3,333,1
3,334,1
3,335,1
3,336,1
3,337,1
3,338,1
3,339,1
3,340,1
3,341,2
3,342,2
3,343,1
3,344,1
3,345,1
3,346,2
3,347,1
3,348,1
3,349,1
3,350,1
3,351,1
3,352,1
3,353,1
3,354,1
3,355,2
3,356,1
3,357,1
3,358,1
3,359,1
3,360,1
3,361,1
3,362,1
3,363,1
3,364,1
3,365,1
3,366,1
3,367,2
3,368,2
3,369,2
3,370,1
3,371,1
3,372,1
3,373,1
3,374,1
3,375,1
3,376,1
3,377,1
3,378,1
3,379,1
3,380,1
3,381,1
3,382,1
3,383,1
3,384,2
3,385,1
3,386,1
3,387,1
3,388,1
3,389,1
3,390,1
3,391,1
3,392,1
3,393,1
3,394,1
3,395,1
3,396,1
3,397,1
3,398,1
3,399,1
3,400,1
3,401,1
3,402,1
3,403,1
3,404,1
3,405,1
3,406,1
3,407,1
3,408,1
3,409,1
3,410,2
3,411,1
3,412,1
3,413,1
3,414,1
3,415,1
3,416,1
3,417,1
3,418,1
3,419,1
3,420,1
3,421,1
3,422,2
3,423,1
3,424,1
3,425,2
3,426,1
3,427,1
3,428,2
3,429,1
3,430,1
3,431,1
3,432,1
3,433,1
3,434,2
3,435,1
3,436,1
3,437,1
3,438,1
3,439,1
3,440,1
3,441,1
3,442,1
3,443,1
3,444,2
3,445,1
3,446,1
3,447,1
3,448,1
3,449,1
3,450,1
3,451,1
3,452,1
3,453,1
3,454,1
3,455,1
3,456,1
3,457,1
3,458,1
3,459,2
3,460,1
3,461,1
3,462,1
3,463,1
3,464,2
3,465,2
3,466,1
3,467,1
3,468,1
3,469,1
3,470,1
3,471,1
3,472,1
3,473,1
3,474,2
3,475,1
3,476,1
3,477,1
3,478,1
3,479,1
3,480,1
3,481,1
3,482,1
3,483,1
3,484,1
3,485,1
3,486,1
3,487,1
3,488,2
3,489,1
3,490,1
3,491,2
3,492,1
3,493,1
3,494,1
3,495,1
3,496,1
3,497,1
3,498,1
3,499,2
3,500,1
3,501,1
3,502,1
3,503,1
3,504,1
3,505,1
3,506,1
3,507,1
3,508,1
3,509,1
3,510,1
3,511,1
3,512,1
3,513,1
3,514,1
3,515,1
3,516,2
3,517,1
3,518,2
3,519,2
3,520,2
3,521,1
3,522,1
3,523,1
3,524,1
3,525,1
3,526,1
3,527,1
3,528,2
3,529,1
3,530,1
3,531,1
3,532,1
3,533,1
3,534,1
3,535,1
3,536,1
3,537,1
3,538,1
3,539,1
3,540,1
3,541,1
3,542,1
3,543,1
3,544,1
3,545,1
3,546,1
3,547,1
3,548,1
3,549,1
3,550,1
3,551,1
3,552,2
3,553,1
3,554,1
3,555,1
3,556,1
3,557,1
3,558,1
3,559,1
3,560,2
3,561,1
3,562,1
3,563,2
3,564,1
3,565,1
3,566,1
3,567,1
3,568,1
3,569,2
3,570,1
3,571,1
3,572,1
3,573,1
3,574,1
3,575,1
3,576,1
3,577,1
3,578,1
3,579,1
3,580,1
3,581,1
3,582,1
3,583,1
3,584,1
3,585,1
3,586,1
3,587,1
3,588,1
3,589,1
3,590,1
3,591,2
3,592,1
3,593,1
3,594,1
3,595,1
3,596,1
3,597,1
3,598,1
3,599,1
3,600,1
3,601,1
3,602,1
3,603,1
3,604,1
3,605,1
3,606,1
3,607,1
3,608,1
3,609,1
3,610,1
3,611,1
3,612,1
3,613,1
3,614,1
3,615,1
3,616,1
3,617,1
3,618,1
3,619,1
3,620,1
3,621,1
3,622,1
3,623,1
3,624,1
3,625,1
3,626,1
3,627,1
3,628,1
3,629,1
3,630,1
3,631,1
4,1,2
4,2,2
4,3,2
4,4,2
4,5,2
4,6,2
4,7,2
4,8,2
4,9,2
4,10,2
4,11,2
4,12,2
4,13,2
4,14,2
4,15,2
4,16,2
4,17,2
4,18,2
4,19,2
4,20,2
4,21,2
4,22,2
4,23,2
4,24,2
4,25,2
4,26,2
4,27,2
4,28,2
4,29,2
4,30,2
4,31,2
4,32,2
4,33,2
4,34,2
4,35,2
4,36,2
4,37,2
4,38,2
4,39,2
4,40,2
4,41,2
4,42,2
4,43,2
4,44,2
4,45,2
4,46,2
4,47,2
4,48,2
4,49,2
4,50,2
4,51,2
4,52,2
4,53,2
4,54,2
4,55,2
4,56,2
4,57,2
4,58,2
4,59,2
4,60,2
4,61,2
4,62,2
4,63,2
4,64,2
4,65,2
4,66,1
4,67,2
4,68,1
4,69,1
4,70,1
4,71,1
4,72,1
4,73,1
4,74,2
4,75,2
4,76,1
4,77,1
4,78,1
4,79,1
4,80,1
4,81,1
4,82,2
4,83,1
4,84,1
4,85,1
4,86,2
4,87,1
4,88,1
4,89,1
4,90,2
4,91,1
4,92,1
4,93,1
4,94,1
4,95,1
4,96,2
4,97,2
4,98,1
4,99,1
4,100,1
4,101,1
4,102,1
4,103,1
4,104,1
4,105,1
4,106,1
4,107,1
4,108,1
4,109,1
4,110,1
4,111,1
4,112,1
4,113,2
4,114,1
4,115,1
4,116,1
4,117,1
4,118,1
4,119,2
4,120,1
4,121,1
4,122,1
4,123,1
4,124,1
4,125,1
4,126,1
4,127,1
4,128,1
4,129,1
4,130,1
4,131,1
4,132,1
4,133,2
4,134,1
4,135,2
4,136,1
4,137,1
4,138,1
4,139,1
4,140,1
4,141,1
4,142,1
4,143,2
4,144,1
4,145,1
4,146,1
4,147,1
4,148,2
4,149,1
4,150,1
4,151,1
4,152,1
4,153,1
4,154,1
4,155,1
4,156,1
4,157,1
4,158,1
4,159,2
4,160,1
4,161,1
4,162,1
4,163,1
4,164,1
4,165,1
4,166,1
4,167,1
4,168,1
4,169,1
4,170,1
4,171,1
4,172,1
4,173,1
4,174,1
4,175,1
4,176,1
4,177,1
4,178,1
4,179,1
4,180,1
4,181,1
4,182,1
4,183,2
4,184,1
4,185,1
4,186,1
4,187,2
4,188,2
4,189,1
4,190,2
4,191,1
4,192,1
4,193,1
4,194,2
4,195,1
4,196,1
4,197,1
4,198,1
4,199,1
4,200,1
4,201,1
4,202,1
4,203,1
4,204,1
4,205,2
4,206,1
4,207,1
4,208,2
4,209,1
4,210,1
4,211,2
4,212,1
4,213,1
4,214,1
4,215,1
4,216,1
4,217,1
4,218,1
4,219,1
4,220,1
4,221,1
4,222,1
4,223,1
4,224,1
4,225,1
4,226,1
4,227,1
4,228,1
4,229,2
4,230,1
4,231,1
4,232,1
4,233,1
4,234,1
4,235,1
4,236,1
4,237,2
4,238,2
4,239,1
4,240,1
4,241,1
4,242,1
4,243,1
4,244,1
4,245,1
4,246,1
4,247,1
4,248,1
4,249,1
4,250,1
4,251,1
4,252,1
4,253,1
4,254,1
4,255,2
4,256,1
4,257,2
4,258,1
4,259,1
4,260,1
4,261,1
4,262,1
4,263,1
4,264,1
4,265,1
4,266,1
4,267,1
4,268,2
4,269,1
4,270,1
4,271,1
4,272,1
4,273,1
4,274,1
4,275,1
4,276,1
4,277,1
4,278,1
4,279,1
4,280,1
4,281,1
4,282,1
4,283,1
4,284,1
4,285,1
4,286,1
4,287,1
4,288,1
4,289,2
4,290,1
4,291,1
4,292,1
4,293,1
4,294,1
4,295,1
4,296,1
4,297,1
4,298,1
4,299,2
4,300,1
4,301,1
4,302,2
4,303,1
4,304,2
4,305,1
4,306,1
4,307,1
4,308,1
4,309,2
4,310,1
4,311,1
4,312,1
4,313,1
4,314,1
4,315,1
4,316,1
4,317,1
4,318,1
4,319,1
4,320,1
4,321,1
4,322,1
4,323,1
4,324,2
4,325,1
4,326,1
4,327,1
4,328,1
4,329,1
4,330,2
4,331,2
4,332,1
4,333,2
4,334,2
4,335,1
4,336,1
4,337,1
4,338,1
4,339,1
4,340,1
4,341,1
4,342,1
4,343,1
4,344,1
4,345,2
4,346,1
4,347,1
4,348,1
4,349,1
4,350,2
4,351,2
4,352,2
4,353,1
4,354,1
4,355,1
4,356,1
4,357,1
4,358,1
4,359,1
4,360,1
4,361,1
4,362,1
4,363,1
4,364,1
4,365,1
4,366,2
4,367,1
4,368,1
4,369,1
4,370,1
4,371,1
4,372,1
4,373,1
4,374,1
4,375,1
4,376,1
4,377,1
4,378,1
4,379,2
4,380,2
4,381,1
4,382,1
4,383,1
4,384,1
4,385,1
4,386,1
4,387,1
4,388,1
4,389,1
4,390,1
4,391,1
4,392,1
4,393,1
4,394,1
4,395,1
4,396,1
4,397,2
4,398,1
4,399,2
4,400,1
4,401,1
4,402,1
4,403,1
4,404,1
4,405,1
4,406,1
4,407,1
4,408,1
4,409,1
4,410,1
4,411,1
4,412,1
4,413,2
4,414,1
4,415,1
4,416,1
4,417,1
4,418,1
4,419,1
4,420,1
4,421,1
4,422,2
4,423,1
4,424,1
4,425,1
4,426,1
4,427,1
4,428,1
4,429,1
4,430,1
4,431,1
4,432,1
4,433,2
4,434,1
4,435,1
4,436,1
4,437,1
4,438,1
4,439,1
4,440,1
4,441,1
4,442,1
4,443,1
4,444,1
4,445,1
4,446,1
4,447,1
4,448,2
4,449,1
4,450,1
4,451,1
4,452,1
4,453,1
4,454,1
4,455,2
4,456,1
4,457,1
4,458,1
4,459,1
4,460,1
4,461,1
4,462,1
4,463,1
4,464,1
4,465,1
4,466,2
4,467,1
4,468,1
4,469,1
4,470,1
4,471,1
4,472,1
4,473,1
4,474,1
4,475,1
4,476,2
4,477,1
4,478,1
4,479,1
4,480,1
4,481,2
4,482,1
4,483,1
4,484,1
4,485,1
4,486,1
4,487,1
4,488,1
4,489,1
4,490,2
4,491,2
4,492,1
4,493,1
4,494,1
4,495,1
4,496,1
4,497,2
4,498,1
4,499,2
4,500,1
4,501,1
4,502,1
4,503,1
4,504,2
4,505,2
4,506,2
4,507,1
4,508,1
4,509,1
4,510,1
4,511,1
4,512,1
4,513,1
4,514,1
4,515,1
4,516,1
4,517,1
4,518,1
4,519,2
4,520,1
4,521,1
4,522,1
4,523,1
4,524,1
4,525,1
4,526,1
4,527,1
4,528,1
4,529,1
4,530,1
4,531,1
4,532,1
4,533,1
4,534,1
4,535,1
4,536,1
4,537,1
4,538,1
4,539,1
4,540,1
4,541,1
4,542,1
4,543,1
4,544,1
4,545,1
4,546,1
4,547,1
4,548,1
4,549,2
4,550,2
4,551,1
4,552,1
4,553,1
4,554,1
4,555,1
4,556,1
4,557,2
4,558,1
4,559,1
4,560,1
4,561,1
4,562,1
4,563,2
4,564,1
4,565,1
4,566,2
4,567,2
4,568,1
4,569,1
4,570,1
4,571,1
4,572,1
4,573,1
4,574,1
4,575,1
4,576,1
4,577,2
4,578,1
4,579,1
4,580,1
4,581,1
4,582,1
4,583,2
4,584,1
4,585,1
4,586,1
4,587,1
4,588,1
4,589,1
4,590,1
4,591,1
4,592,1
4,593,1
4,594,1
4,595,2
4,596,1
4,597,1
4,598,1
4,599,1
4,600,2
4,601,1
4,602,1
4,603,1
4,604,1
4,605,1
4,606,1
4,607,1
4,608,1
4,609,1
4,610,2
4,611,1
4,612,1
4,613,2
4,614,1
4,615,1
4,616,1
4,617,1
4,618,2
4,619,1
4,620,1
4,621,1
4,622,1
4,623,1
4,624,1
4,625,1
4,626,1
4,627,1
4,628,1
4,629,2
4,630,1
4,631,1
4,632,1
4,633,1
4,634,2
4,635,1
4,636,2
4,637,1
4,638,1
4,639,1
4,640,1
4,641,1
4,642,1
4,643,1
4,644,1
4,645,1
4,646,1
4,647,1
4,648,1
4,649,1
4,650,1
4,651,1
4,652,1
4,653,1
4,654,1
4,655,1
4,656,1
4,657,1
4,658,1
4,659,1
4,660,1
4,661,1
4,662,1
4,663,1
4,664,1
4,665,1
4,666,1
4,667,1
4,668,2
4,669,1
4,670,2
4,671,1
4,672,1
4,673,1
4,674,2
4,675,2
4,676,1
4,677,1
4,678,1
4,679,1
4,680,1
4,681,2
4,682,1
4,683,1
4,684,1
4,685,1
4,686,1
4,687,1
4,688,1
4,689,1
4,690,2
4,691,2
4,692,1
4,693,1
4,694,1
4,695,1
4,696,1
4,697,1
4,698,1
4,699,1
4,700,1
4,701,1
4,702,1
4,703,1
4,704,1
4,705,1
4,706,1
4,707,1
4,708,2
4,709,1
4,710,1
4,711,1
4,712,1
4,713,1
4,714,1
4,715,1
4,716,1
4,717,1
4,718,2
4,719,2
4,720,1
4,721,2
4,722,1
4,723,2
4,724,1
4,725,2
4,726,1
4,727,2
4,728,2
4,729,1
4,730,1
4,731,1
4,732,1
4,733,2
4,734,1
4,735,1
4,736,1
4,737,1
4,738,1
4,739,1
4,740,1
4,741,1
4,742,1
4,743,1
4,744,1
4,745,1
4,746,1
4,747,1
4,748,1
4,749,2
4,750,1
4,751,1
4,752,1
4,753,1
4,754,1
4,755,1
4,756,1
4,757,1
4,758,1
4,759,1
4,760,1
4,761,1
4,762,1
4,763,1
4,764,1
4,765,1
4,766,1
4,767,1
4,768,2
4,769,1
4,770,1
4,771,1
4,772,1
4,773,1
4,774,2
4,775,2
4,776,2
4,777,1
4,778,1
4,779,1
4,780,1
4,781,1
4,782,1
4,783,1
4,784,1
4,785,2
4,786,2
4,787,2
4,788,2
4,789,1
4,790,2
4,791,1
4,792,1
4,793,1
4,794,1
4,795,1
4,796,1
4,797,1
4,798,1
4,799,1
4,800,1
4,801,1
4,802,1
4,803,1
4,804,2
4,805,1
4,806,2
4,807,1
4,808,1
4,809,1
4,810,1
4,811,1
4,812,1
4,813,1
4,814,1
4,815,1
4,816,1
4,817,2
4,818,2
4,819,1
4,820,1
4,821,1
4,822,1
4,823,1
4,824,1
4,825,1
4,826,1
4,827,1
4,828,1
4,829,1
4,830,1
4,831,1
4,832,1
4,833,1
4,834,1
4,835,1
4,836,2
4,837,1
4,838,1
4,839,1
4,840,1
4,841,1
4,842,2
4,843,1
4,844,1
4,845,1
4,846,1
4,847,1
4,848,1
4,849,1
4,850,2
4,851,1
4,852,1
4,853,2
4,854,1
4,855,1
4,856,1
4,857,1
4,858,1
4,859,1
4,860,1
4,861,1
4,862,1
4,863,1
4,864,2
4,865,1
4,866,1
4,867,1
4,868,1
4,869,2
4,870,1
4,871,1
4,872,1
4,873,1
4,874,2
4,875,1
4,876,1
4,877,1
4,878,1
4,879,1
4,880,1
4,881,1
4,882,1
4,883,1
4,884,1
4,885,1
4,886,1
4,887,2
4,888,1
4,889,2
4,890,2
4,891,1
4,892,1
4,893,1
4,894,1
4,895,1
4,896,1
4,897,1
4,898,1
4,899,1
4,900,1
4,901,1
4,902,1
4,903,2
4,904,1
4,905,1
4,906,1
4,907,1
4,908,2
4,909,2
4,910,1
4,911,2
4,912,2
4,913,1
4,914,1
4,915,1
4,916,1
4,917,1
4,918,1
4,919,2
4,920,1
4,921,1
4,922,1
4,923,1
4,924,1
4,925,1
4,926,1
4,927,1
4,928,1
4,929,1
4,930,1
4,931,1
4,932,1
4,933,1
4,934,1
4,935,1
4,936,2
4,937,1
4,938,1
4,939,1
4,940,1
4,941,1
4,942,1
4,943,1
4,944,1
4,945,1
4,946,1
4,947,1
4,948,1
4,949,1
4,950,1
4,951,1
4,952,1
4,953,2
4,954,1
4,955,1
4,956,1
4,957,1
4,958,2
4,959,2
4,960,2
4,961,1
4,962,1
4,963,1
4,964,1
4,965,1
4,966,1
4,967,1
4,968,1
4,969,1
4,970,2
4,971,1
4,972,1
4,973,1
4,974,1
4,975,1
4,976,1
4,977,1
4,978,1
4,979,1
4,980,2
4,981,1
4,982,1
4,983,1
4,984,1
4,985,1
4,986,2
4,987,1
4,988,1
4,989,1
4,990,1
4,991,2
4,992,1
4,993,1
4,994,2
4,995,1
4,996,1
4,997,1
4,998,1
4,999,1
4,1000,1
4,1001,1
4,1002,1
4,1003,1
4,1004,1
4,1005,1
4,1006,1
4,1007,2
4,1008,1
4,1009,2
4,1010,1
4,1011,1
4,1012,2
4,1013,1
4,1014,1
4,1015,1
4,1016,1
4,1017,2
4,1018,2
4,1019,1
4,1020,1
4,1021,1
4,1022,1
4,1023,1
4,1024,1
4,1025,1
4,1026,1
4,1027,2
4,1028,1
4,1029,1
4,1030,1
4,1031,1
4,1032,1
4,1033,1
4,1034,1
4,1035,1
4,1036,1
4,1037,1
4,1038,1
4,1039,1
4,1040,2
4,1041,1
4,1042,1
4,1043,1
4,1044,1
4,1045,1
4,1046,1
4,1047,1
4,1048,1
4,1049,1
4,1050,1
4,1051,2
4,1052,1
4,1053,1
4,1054,1
4,1055,1
4,1056,1
4,1057,1
4,1058,1
4,1059,1
4,1060,1
4,1061,1
4,1062,1
4,1063,1
4,1064,1
4,1065,1
4,1066,1
4,1067,1
4,1068,1
4,1069,1
4,1070,1
4,1071,1
4,1072,1
4,1073,1
4,1074,1
4,1075,1
4,1076,1
4,1077,1
4,1078,1
4,1079,1
4,1080,1
4,1081,1
4,1082,1
4,1083,1
4,1084,1
4,1085,2
4,1086,1
4,1087,1
4,1088,2
4,1089,1
4,1090,2
4,1091,1
4,1092,2
4,1093,1
4,1094,1
4,1095,1
4,1096,1
4,1097,1
4,1098,1
4,1099,1
4,1100,2
4,1101,1
4,1102,1
4,1103,1
4,1104,1
4,1105,1
4,1106,1
4,1107,1
4,1108,1
4,1109,1
4,1110,2
4,1111,1
4,1112,1
4,1113,1
4,1114,1
4,1115,1
4,1116,1
4,1117,1
4,1118,1
4,1119,2
4,1120,1
4,1121,1
4,1122,1
4,1123,2
4,1124,1
4,1125,1
4,1126,2
4,1127,1
4,1128,1
4,1129,1
4,1130,1
4,1131,1
4,1132,1
4,1133,1
4,1134,1
4,1135,1
4,1136,1
4,1137,1
4,1138,2
4,1139,1
4,1140,1
4,1141,1
4,1142,1
4,1143,2
4,1144,1
4,1145,2
4,1146,1
4,1147,1
4,1148,1
4,1149,1
4,1150,1
4,1151,1
4,1152,1
4,1153,1
4,1154,1
4,1155,1
4,1156,1
4,1157,1
4,1158,1
4,1159,1
4,1160,1
4,1161,1
4,1162,2
4,1163,1
4,1164,2
4,1165,2
4,1166,1
4,1167,1
4,1168,1
4,1169,2
4,1170,1
4,1171,1
4,1172,1
4,1173,1
4,1174,1
4,1175,1
4,1176,1
4,1177,2
4,1178,1
4,1179,1
4,1180,1
4,1181,1
4,1182,1
4,1183,1
4,1184,1
4,1185,2
4,1186,1
4,1187,1
4,1188,1
4,1189,1
4,1190,1
4,1191,1
4,1192,1
4,1193,1
4,1194,1
4,1195,1
4,1196,2
4,1197,1
4,1198,1
4,1199,2
4,1200,1
4,1201,1
4,1202,1
4,1203,1
4,1204,2
4,1205,1
4,1206,1
4,1207,1
4,1208,1
4,1209,1
4,1210,2
4,1211,1
4,1212,1
4,1213,1
4,1214,1
4,1215,1
4,1216,1
4,1217,1
4,1218,1
4,1219,1
4,1220,1
4,1221,1
4,1222,1
4,1223,1
4,1224,1
4,1225,1
4,1226,2
4,1227,1
4,1228,1
4,1229,1
4,1230,1
4,1231,1
4,1232,1
4,1233,1
4,1234,1
4,1235,1
4,1236,1
4,1237,1
4,1238,1
4,1239,1
4,1240,1
4,1241,2
4,1242,1
4,1243,1
4,1244,1
4,1245,1
4,1246,1
4,1247,1
4,1248,1
4,1249,1
4,1250,2
4,1251,1
4,1252,1
4,1253,1
4,1254,1
4,1255,1
4,1256,2
4,1257,1
4,1258,1
4,1259,1
4,1260,1
4,1261,1
4,1262,1
4,1263,1
4,1264,1
4,1265,1
4,1266,1
4,1267,1
4,1268,1
4,1269,1
4,1270,1
4,1271,1
4,1272,1
4,1273,1
4,1274,1
4,1275,2
4,1276,1
4,1277,1
4,1278,1
4,1279,1
4,1280,1
4,1281,1
4,1282,1
4,1283,1
4,1284,1
4,1285,1
4,1286,1
4,1287,1
4,1288,1
4,1289,1
4,1290,1
4,1291,1
4,1292,1
4,1293,2
4,1294,1
4,1295,1
4,1296,1
4,1297,1
4,1298,1
4,1299,1
4,1300,1
4,1301,1
4,1302,1
4,1303,1
4,1304,1
4,1305,1
4,1306,1
4,1307,1
4,1308,1
4,1309,1
4,1310,1
4,1311,1
4,1312,1
4,1313,1
4,1314,1
4,1315,2
4,1316,1
4,1317,1
4,1318,1
4,1319,1
4,1320,1
4,1321,1
4,1322,1
4,1323,1
4,1324,1
4,1325,1
4,1326,1
4,1327,1
4,1328,1
4,1329,1
4,1330,1
4,1331,1
4,1332,1
4,1333,1
4,1334,1
4,1335,1
4,1336,1
4,1337,2
4,1338,1
4,1339,1
4,1340,1
4,1341,1
4,1342,2
4,1343,1
4,1344,1
4,1345,1
4,1346,2
4,1347,1
4,1348,1
4,1349,1
4,1350,1
4,1351,1
4,1352,1
4,1353,1
4,1354,1
4,1355,1
4,1356,1
4,1357,1
4,1358,1
4,1359,2
4,1360,1
4,1361,1
4,1362,1
4,1363,1
4,1364,1
4,1365,1
4,1366,1
4,1367,1
4,1368,2
4,1369,1
4,1370,1
4,1371,1
4,1372,1
4,1373,1
4,1374,1
4,1375,1
4,1376,1
4,1377,2
4,1378,1
4,1379,1
4,1380,1
4,1381,1
4,1382,1
4,1383,1
4,1384,1
4,1385,1
4,1386,1
4,1387,1
4,1388,1
4,1389,1
4,1390,1
4,1391,1
4,1392,1
4,1393,1
4,1394,1
4,1395,1
4,1396,1
4,1397,2
4,1398,1
4,1399,1
4,1400,1
4,1401,1
4,1402,1
4,1403,1
4,1404,1
4,1405,1
4,1406,1
4,1407,1
4,1408,1
4,1409,1
4,1410,2
4,1411,1
4,1412,1
4,1413,1
4,1414,1
4,1415,1
4,1416,1
4,1417,2
4,1418,1
4,1419,1
4,1420,1
4,1421,2
4,1422,1
4,1423,1
4,1424,1
4,1425,1
4,1426,1
4,1427,2
4,1428,1
4,1429,1
4,1430,1
4,1431,1
4,1432,2
4,1433,1
4,1434,1
4,1435,1
4,1436,2
4,1437,2
4,1438,1
4,1439,1
4,1440,1
4,1441,1
4,1442,1
4,1443,1
4,1444,1
4,1445,1
4,1446,1
4,1447,1
4,1448,1
4,1449,1
4,1450,1
4,1451,1
4,1452,1
4,1453,1
4,1454,1
4,1455,1
4,1456,1
4,1457,1
4,1458,1
4,1459,1
4,1460,1
4,1461,1
4,1462,1
4,1463,1
4,1464,1
4,1465,1
4,1466,1
4,1467,1
4,1468,1
4,1469,1
4,1470,1
4,1471,1
4,1472,1
4,1473,1
4,1474,1
4,1475,1
4,1476,1
4,1477,2
4,1478,1
4,1479,1
4,1480,1
4,1481,1
4,1482,1
4,1483,1
4,1484,1
4,1485,1
4,1486,2
4,1487,1
4,1488,1
4,1489,1
4,1490,1
4,1491,1
4,1492,1
4,1493,1
4,1494,1
4,1495,1
4,1496,1
4,1497,1
4,1498,1
4,1499,1
4,1500,1
4,1501,1
4,1502,1
4,1503,1
4,1504,1
4,1505,1
4,1506,1
4,1507,1
4,1508,1
4,1509,1
4,1510,1
4,1511,1
4,1512,2
4,1513,1
4,1514,2
4,1515,1
4,1516,1
4,1517,2
4,1518,1
4,1519,2
4,1520,1
4,1521,1
4,1522,1
4,1523,1
4,1524,1
4,1525,1
4,1526,2
4,1527,2
4,1528,1
4,1529,2
4,1530,2
4,1531,1
4,1532,1
4,1533,1
4,1534,1
4,1535,1
4,1536,2
4,1537,1
4,1538,1
4,1539,1
4,1540,1
4,1541,1
4,1542,1
4,1543,1
4,1544,1
4,1545,1
4,1546,1
4,1547,1
4,1548,1
4,1549,1
4,1550,1
4,1551,1
4,1552,1
4,1553,1
4,1554,1
4,1555,1
4,1556,1
4,1557,1
4,1558,1
4,1559,1
4,1560,1
4,1561,1
4,1562,1
4,1563,1
4,1564,1
4,1565,1
4,1566,1
4,1567,1
4,1568,1
4,1569,1
4,1570,1
4,1571,1
4,1572,1
4,1573,1
4,1574,1
4,1575,1
4,1576,1
4,1577,1
4,1578,1
4,1579,1
4,1580,1
4,1581,1
4,1582,1
4,1583,1
4,1584,1
4,1585,1
4,1586,1
4,1587,1
4,1588,1
4,1589,1
4,1590,1
4,1591,1
4,1592,1
4,1593,1
4,1594,1
4,1595,1
4,1596,1
4,1597,1
4,1598,1
4,1599,1
4,1600,1
4,1601,1
4,1602,1
4,1603,1
4,1604,1
4,1605,1
4,1606,1
4,1607,1
4,1608,1
4,1609,1
4,1610,1
4,1611,1
4,1612,1
4,1613,1
4,1614,1
4,1615,1
4,1616,1
4,1617,1
4,1618,1
4,1619,1
4,1620,1
4,1621,1
4,1622,1
4,1623,1
4,1624,1
4,1625,1
4,1626,1
4,1627,1
4,1628,1
4,1629,1
4,1630,1
4,1631,1
4,1632,1
4,1633,1
4,1634,1
4,1635,1
4,1636,1
4,1637,1
4,1638,1
4,1639,1
4,1640,1
4,1641,1
4,1642,1
4,1643,1
4,1644,1
4,1645,1
4,1646,1
4,1647,1
4,1648,1
4,1649,1
4,1650,1
4,1651,1
4,1652,1
4,1653,1
4,1654,1
4,1655,1
4,1656,1
4,1657,1
4,1658,1
4,1659,1
4,1660,1
4,1661,1
4,1662,1
4,1663,1
4,1664,1
4,1665,1
4,1666,1
4,1667,1
4,1668,1
4,1669,1
4,1670,1
4,1671,1
4,1672,1
4,1673,1
4,1674,1
4,1675,1
4,1676,1
4,1677,1
4,1678,1
4,1679,1
4,1680,1
4,1681,1
4,1682,1
4,1683,1
4,1684,1
4,1685,1
4,1686,1
4,1687,1
4,1688,1
4,1689,1
4,1690,1
4,1691,1
4,1692,1
4,1693,1
4,1694,1
4,1695,1
4,1696,1
4,1697,1
4,1698,1
4,1699,1
4,1700,1
4,1701,1
4,1702,1
4,1703,1
4,1704,1
4,1705,1
4,1706,1
4,1707,1
4,1708,1
4,1709,1
4,1710,1
4,1711,1
4,1712,1
4,1713,1
4,1714,1
4,1715,1
4,1716,1
4,1717,1
4,1718,1
4,1719,1
4,1720,1
4,1721,1
4,1722,1
4,1723,1
4,1724,1
4,1725,1
4,1726,1
4,1727,1
4,1728,1
4,1729,1
4,1730,1
4,1731,1
4,1732,1
4,1733,1
4,1734,1
4,1735,1
4,1736,1
4,1737,1
4,1738,1
4,1739,1
4,1740,1
4,1741,1
4,1742,1
4,1743,1
4,1744,1
4,1745,1
4,1746,1
4,1747,1
4,1748,1
4,1749,1
4,1750,1
4,1751,1
4,1752,1
4,1753,1
4,1754,1
4,1755,1
4,1756,1
4,1757,1
4,1758,1
4,1759,1
4,1760,1
4,1761,1
4,1762,1
4,1763,1
4,1764,1
4,1765,1
4,1766,1
4,1767,1
4,1768,1
4,1769,1
4,1770,1
4,1771,1
4,1772,1
4,1773,1
4,1774,1
4,1775,1
4,1776,1
4,1777,1
4,1778,1
4,1779,1
4,1780,1
4,1781,1
4,1782,1
4,1783,1
4,1784,1
4,1785,1
4,1786,1
4,1787,1
4,1788,1
4,1789,1
4,1790,1
4,1791,1
4,1792,1
4,1793,1
4,1794,1
4,1795,1
4,1796,1
4,1797,1
4,1798,1
4,1799,1
5,1,2
5,2,2
5,3,2
5,4,2
5,5,2
5,6,2
5,7,2
5,8,2
5,9,2
5,10,2
5,11,2
5,12,2
5,13,2
5,14,2
5,15,2
5,16,2
5,17,2
5,18,2
5,19,2
5,20,2
5,21,2
5,22,2
5,23,2
5,24,2
5,25,2
5,26,2
5,27,2
5,28,2
5,29,1
5,30,1
5,31,1
5,32,1
5,33,1
5,34,1
5,35,1
5,36,1
5,37,1
5,38,1
5,39,1
5,40,1
5,41,1
5,42,1
5,43,1
5,44,1
5,45,2
5,46,1
5,47,2
5,48,1
5,49,1
5,50,1
5,51,1
5,52,1
5,53,1
5,54,1
5,55,1
5,56,1
5,57,1
5,58,1
5,59,1
5,60,1
5,61,2
5,62,1
5,63,2
5,64,1
5,65,1
5,66,1
5,67,2
5,68,1
5,69,1
5,70,2
5,71,1
5,72,1
5,73,1
5,74,1
5,75,1
5,76,1
5,77,1
5,78,1
5,79,1
5,80,1
5,81,1
5,82,1
5,83,2
5,84,1
5,85,1
5,86,1
5,87,1
5,88,2
5,89,1
5,90,1
5,91,1
5,92,1
5,93,2
5,94,1
5,95,2
5,96,1
5,97,1
5,98,1
5,99,1
5,100,1
5,101,1
5,102,1
5,103,1
5,104,1
5,105,1
5,106,1
5,107,1
5,108,1
5,109,1
5,110,1
5,111,2
5,112,1
5,113,1
5,114,1
5,115,1
5,116,1
5,117,1
5,118,1
5,119,1
5,120,1
5,121,2
5,122,1
5,123,1
5,124,1
5,125,1
5,126,1
5,127,1
5,128,2
5,129,1
5,130,1
5,131,1
5,132,1
5,133,1
5,134,1
5,135,1
5,136,2
5,137,1
5,138,1
5,139,1
5,140,1
5,141,2
5,142,1
5,143,1
5,144,1
5,145,1
5,146,1
5,147,1
5,148,1
5,149,1
5,150,1
5,151,1
5,152,1
5,153,2
5,154,2
5,155,1
5,156,2
5,157,1
5,158,1
5,159,1
5,160,1
5,161,1
5,162,2
5,163,2
5,164,1
5,165,1
5,166,1
5,167,1
5,168,1
5,169,2
5,170,1
5,171,1
5,172,1
5,173,1
5,174,1
5,175,1
5,176,1
5,177,1
5,178,1
5,179,1
5,180,1
5,181,2
5,182,1
5,183,1
5,184,1
5,185,1
5,186,1
5,187,1
5,188,1
5,189,1
5,190,1
5,191,1
5,192,2
5,193,1
5,194,1
5,195,1
5,196,1
5,197,1
5,198,1
5,199,2
5,200,2
5,201,1
5,202,1
5,203,1
5,204,1
5,205,1
5,206,1
5,207,1
5,208,1
5,209,1
5,210,1
5,211,1
5,212,1
5,213,1
5,214,1
5,215,1
5,216,1
5,217,1
5,218,1
5,219,1
5,220,1
5,221,1
5,222,1
5,223,1
5,224,1
5,225,1
5,226,1
5,227,2
5,228,1
5,229,1
5,230,1
5,231,1
5,232,1
5,233,1
5,234,1
5,235,1
5,236,1
5,237,1
5,238,2
5,239,1
5,240,1
5,241,1
5,242,1
5,243,1
5,244,1
5,245,1
5,246,1
5,247,1
5,248,1
5,249,1
5,250,2
5,251,1
5,252,1
5,253,1
5,254,1
5,255,1
5,256,2
5,257,1
5,258,1
5,259,1
5,260,1
5,261,1
5,262,1
5,263,1
5,264,1
5,265,2
5,266,1
5,267,1
5,268,1
5,269,1
5,270,1
5,271,1
5,272,1
5,273,2
5,274,1
5,275,1
5,276,1
5,277,2
5,278,1
5,279,1
5,280,1
5,281,1
5,282,1
5,283,1
5,284,1
5,285,1
5,286,1
5,287,1
5,288,1
5,289,1
5,290,1
5,291,1
5,292,1
5,293,1
5,294,1
5,295,1
5,296,1
5,297,1
5,298,1
5,299,1
5,300,1
6,1,2
6,2,2
6,3,2
6,4,2
6,5,2
6,6,2
6,7,2
6,8,2
6,9,2
6,10,2
6,11,2
6,12,2
6,13,2
6,14,2
6,15,2
6,16,2
6,17,2
6,18,2
6,19,2
6,20,2
6,21,2
6,22,2
6,23,2
6,24,2
6,25,2
6,26,2
6,27,2
6,28,2
6,29,2
6,30,2
6,31,2
6,32,2
6,33,2
6,34,2
6,35,2
6,36,2
6,37,2
6,38,2
6,39,2
6,40,2
6,41,2
6,42,2
6,43,2
6,44,2
6,45,2
6,46,2
6,47,2
6,48,2
6,49,2
6,50,2
6,51,2
6,52,2
6,53,2
6,54,2
6,55,2
6,56,2
6,57,2
6,58,2
6,59,1
6,60,1
6,61,2
6,62,1
6,63,1
6,64,1
6,65,2
6,66,1
6,67,1
6,68,2
6,69,2
6,70,1
6,71,2
6,72,1
6,73,2
6,74,1
6,75,2
6,76,2
6,77,2
6,78,1
6,79,1
6,80,1
6,81,1
6,82,1
6,83,1
6,84,1
6,85,1
6,86,1
6,87,1
6,88,1
6,89,1
6,90,1
6,91,1
6,92,1
6,93,1
6,94,1
6,95,1
6,96,1
6,97,1
6,98,1
6,99,2
6,100,1
6,101,1
6,102,1
6,103,1
6,104,1
6,105,1
6,106,1
6,107,2
6,108,1
6,109,1
6,110,1
6,111,1
6,112,1
6,113,1
6,114,1
6,115,1
6,116,1
6,117,1
6,118,1
6,119,1
6,120,1
6,121,1
6,122,1
6,123,1
6,124,1
6,125,1
6,126,1
6,127,2
6,128,2
6,129,2
6,130,1
6,131,1
6,132,1
6,133,1
6,134,1
6,135,1
6,136,1
6,137,1
6,138,2
6,139,2
6,140,1
6,141,1
6,142,2
6,143,1
6,144,1
6,145,1
6,146,2
6,147,1
6,148,1
6,149,1
6,150,1
6,151,1
6,152,1
6,153,1
6,154,1
6,155,1
6,156,1
6,157,1
6,158,1
6,159,2
6,160,1
6,161,1
6,162,1
6,163,1
6,164,1
6,165,1
6,166,1
6,167,1
6,168,1
6,169,1
6,170,1
6,171,1
6,172,1
6,173,1
6,174,1
6,175,1
6,176,1
6,177,1
6,178,1
6,179,1
6,180,1
6,181,1
6,182,1
6,183,1
6,184,1
6,185,1
6,186,1
6,187,1
6,188,2
6,189,1
6,190,1
6,191,2
6,192,1
6,193,1
6,194,1
6,195,1
6,196,1
6,197,1
6,198,1
6,199,1
6,200,2
6,201,1
6,202,1
6,203,1
6,204,1
6,205,2
6,206,1
6,207,1
6,208,1
6,209,1
6,210,1
6,211,1
6,212,2
6,213,1
6,214,1
6,215,1
6,216,1
6,217,2
6,218,1
6,219,1
6,220,1
6,221,1
6,222,1
6,223,1
6,224,2
6,225,1
6,226,1
6,227,1
6,228,2
6,229,2
6,230,1
6,231,1
6,232,2
6,233,2
6,234,1
6,235,1
6,236,1
6,237,1
6,238,1
6,239,1
6,240,1
6,241,1
6,242,1
6,243,1
6,244,1
6,245,1
6,246,1
6,247,1
6,248,1
6,249,1
6,250,1
6,251,1
6,252,1
6,253,1
6,254,1
6,255,1
6,256,1
6,257,1
6,258,1
6,259,1
6,260,2
6,261,1
6,262,1
6,263,2
6,264,1
6,265,1
6,266,1
6,267,1
6,268,1
6,269,1
6,270,2
6,271,2
6,272,1
6,273,1
6,274,1
6,275,1
6,276,1
6,277,1
6,278,1
6,279,1
6,280,1
6,281,2
6,282,1
6,283,1
6,284,1
6,285,1
6,286,1
6,287,1
6,288,1
6,289,1
6,290,2
6,291,1
6,292,2
6,293,1
6,294,1
6,295,1
6,296,1
6,297,1
6,298,1
6,299,1
6,300,1
6,301,2
6,302,1
6,303,1
6,304,2
6,305,1
6,306,1
6,307,1
6,308,1
6,309,1
6,310,1
6,311,1
6,312,1
6,313,1
6,314,2
6,315,1
6,316,1
6,317,1
6,318,1
6,319,2
6,320,1
6,321,1
6,322,1
6,323,1
6,324,2
6,325,1
6,326,1
6,327,1
6,328,1
6,329,1
6,330,1
6,331,1
6,332,1
6,333,1
6,334,1
6,335,2
6,336,2
6,337,1
6,338,1
6,339,1
6,340,1
6,341,1
6,342,1
6,343,1
6,344,2
6,345,2
6,346,1
6,347,1
6,348,1
6,349,1
6,350,1
6,351,1
6,352,1
6,353,1
6,354,1
6,355,1
6,356,1
6,357,1
6,358,1
6,359,1
6,360,1
6,361,2
6,362,1
6,363,1
6,364,2
6,365,2
6,366,1
6,367,1
6,368,1
6,369,1
6,370,1
6,371,1
6,372,1
6,373,2
6,374,1
6,375,1
6,376,1
6,377,2
6,378,1
6,379,1
6,380,1
6,381,1
6,382,2
6,383,2
6,384,1
6,385,1
6,386,1
6,387,1
6,388,1
6,389,2
6,390,1
6,391,2
6,392,2
6,393,1
6,394,1
6,395,1
6,396,1
6,397,2
6,398,1
6,399,1
6,400,1
6,401,1
6,402,1
6,403,1
6,404,1
6,405,1
6,406,2
6,407,2
6,408,2
6,409,1
6,410,1
6,411,2
6,412,1
6,413,1
6,414,1
6,415,1
6,416,1
6,417,1
6,418,1
6,419,1
6,420,1
6,421,1
6,422,2
6,423,1
6,424,1
6,425,1
6,426,1
6,427,2
6,428,1
6,429,1
6,430,1
6,431,2
6,432,1
6,433,1
6,434,2
6,435,1
6,436,1
6,437,1
6,438,1
6,439,1
6,440,2
6,441,1
6,442,1
6,443,2
6,444,1
6,445,1
6,446,1
6,447,1
6,448,1
6,449,2
6,450,1
6,451,1
6,452,1
6,453,1
6,454,1
6,455,1
6,456,1
6,457,1
6,458,1
6,459,1
6,460,1
6,461,1
6,462,2
6,463,1
6,464,1
6,465,1
6,466,2
6,467,1
6,468,1
6,469,2
6,470,2
6,471,1
6,472,1
6,473,1
6,474,1
6,475,1
6,476,1
6,477,1
6,478,1
6,479,1
6,480,1
6,481,2
6,482,1
6,483,1
6,484,1
6,485,2
6,486,1
6,487,1
6,488,1
6,489,1
6,490,1
6,491,1
6,492,1
6,493,1
6,494,1
6,495,1
6,496,1
6,497,1
6,498,1
6,499,1
6,500,1
6,501,1
6,502,1
6,503,1
6,504,1
6,505,2
6,506,1
6,507,1
6,508,2
6,509,1
6,510,1
6,511,1
6,512,1
6,513,1
6,514,2
6,515,2
6,516,1
6,517,1
6,518,1
6,519,1
6,520,1
6,521,2
6,522,1
6,523,1
6,524,1
6,525,1
6,526,1
6,527,2
6,528,1
6,529,1
6,530,1
6,531,1
6,532,1
6,533,1
6,534,1
6,535,1
6,536,1
6,537,1
6,538,1
6,539,1
6,540,1
6,541,1
6,542,1
6,543,1
6,544,1
6,545,1
6,546,1
6,547,1
6,548,1
6,549,1
6,550,1
6,551,1
6,552,1
6,553,1
6,554,1
6,555,1
6,556,2
6,557,1
6,558,1
6,559,1
6,560,1
6,561,1
6,562,2
6,563,1
6,564,1
6,565,1
6,566,1
6,567,1
6,568,2
6,569,1
6,570,1
6,571,1
6,572,1
6,573,1
6,574,1
6,575,1
6,576,1
6,577,2
6,578,1
6,579,1
6,580,1
6,581,1
6,582,1
6,583,1
6,584,1
6,585,1
6,586,2
6,587,2
6,588,1
6,589,1
6,590,1
6,591,1
6,592,1
6,593,1
6,594,1
6,595,1
6,596,1
6,597,1
6,598,1
6,599,1
6,600,1
6,601,1
6,602,2
6,603,1
6,604,1
6,605,1
6,606,2
6,607,1
6,608,2
6,609,1
6,610,1
6,611,1
6,612,1
6,613,1
6,614,1
6,615,1
6,616,2
6,617,1
6,618,1
6,619,1
6,620,1
6,621,1
6,622,1
6,623,1
6,624,1
6,625,1
6,626,1
6,627,1
6,628,1
6,629,1
6,630,1
6,631,1
6,632,1
6,633,1
6,634,2
6,635,1
6,636,1
6,637,1
6,638,1
6,639,1
6,640,1
6,641,1
6,642,1
6,643,1
6,644,1
6,645,1
6,646,1
6,647,1
6,648,1
6,649,1
6,650,1
6,651,1
6,652,2
6,653,1
6,654,1
6,655,1
6,656,1
6,657,1
6,658,2
6,659,2
6,660,1
6,661,1
6,662,1
6,663,1
6,664,1
6,665,1
6,666,2
6,667,1
6,668,1
6,669,2
6,670,1
6,671,1
6,672,1
6,673,1
6,674,1
6,675,1
6,676,2
6,677,1
6,678,1
6,679,1
6,680,1
6,681,2
6,682,1
6,683,2
6,684,1
6,685,1
6,686,1
6,687,1
6,688,1
6,689,1
6,690,2
6,691,1
6,692,1
6,693,1
6,694,1
6,695,1
6,696,1
6,697,1
6,698,2
6,699,1
6,700,1
6,701,1
6,702,2
6,703,1
6,704,1
6,705,1
6,706,1
6,707,1
6,708,1
6,709,1
6,710,1
6,711,1
6,712,1
6,713,1
6,714,1
6,715,1
6,716,1
6,717,1
6,718,1
6,719,1
6,720,2
6,721,1
6,722,1
6,723,1
6,724,1
6,725,2
6,726,1
6,727,1
6,728,1
6,729,1
6,730,1
6,731,1
6,732,2
6,733,1
6,734,1
6,735,1
6,736,1
6,737,1
6,738,2
6,739,1
6,740,1
6,741,1
6,742,1
6,743,1
6,744,1
6,745,1
6,746,1
6,747,2
6,748,1
6,749,1
6,750,2
6,751,1
6,752,1
6,753,1
6,754,1
6,755,1
6,756,1
6,757,1
6,758,1
6,759,1
6,760,2
6,761,1
6,762,1
6,763,1
6,764,2
6,765,1
6,766,1
6,767,1
6,768,1
6,769,1
6,770,1
6,771,2
6,772,1
6,773,2
6,774,1
6,775,1
6,776,1
6,777,1
6,778,2
6,779,1
6,780,2
6,781,2
6,782,1
6,783,1
6,784,1
6,785,1
6,786,2
6,787,1
6,788,1
6,789,2
6,790,1
6,791,1
6,792,2
6,793,1
6,794,1
6,795,1
6,796,2
6,797,1
6,798,1
6,799,1
6,800,1
6,801,1
6,802,1
6,803,1
6,804,1
6,805,1
6,806,1
6,807,1
6,808,1
6,809,1
6,810,1
6,811,1
6,812,1
6,813,1
6,814,1
6,815,1
6,816,1
6,817,1
6,818,1
6,819,1
6,820,1
6,821,1
6,822,1
6,823,1
6,824,1
6,825,1
6,826,1
6,827,1
6,828,1
6,829,1
6,830,1
6,831,1
6,832,1
6,833,1
6,834,1
6,835,1
6,836,1
6,837,1
6,838,1
6,839,1
6,840,1
6,841,1
6,842,1
6,843,1
6,844,1
6,845,1
6,846,1
6,847,1
6,848,1
6,849,1
6,850,1
6,851,1
6,852,1
6,853,1
6,854,1
6,855,1
6,856,1
6,857,1
6,858,1
6,859,1
6,860,1
6,861,1
6,862,1
6,863,1
7,1,2
7,2,2
7,3,2
7,4,2
7,5,2
7,6,2
7,7,2
7,8,2
7,9,2
7,10,2
7,11,2
7,12,2
7,13,2
7,14,2
7,15,2
7,16,2
7,17,2
7,18,2
7,19,2
7,20,2
7,21,2
7,22,2
7,23,2
7,24,2
7,25,2
7,26,2
7,27,2
7,28,2
7,29,2
7,30,2
7,31,2
7,32,2
7,33,2
7,34,1
7,35,1
7,36,1
7,37,1
7,38,2
7,39,1
7,40,1
7,41,1
7,42,1
7,43,1
7,44,2
7,45,2
7,46,1
7,47,2
7,48,1
7,49,1
7,50,1
7,51,1
7,52,2
7,53,1
7,54,1
7,55,1
7,56,1
7,57,2
7,58,1
7,59,1
7,60,1
7,61,1
7,62,1
7,63,1
7,64,1
7,65,1
7,66,1
7,67,2
7,68,1
7,69,2
7,70,1
7,71,1
7,72,1
7,73,1
7,74,1
7,75,1
7,76,1
7,77,1
7,78,1
7,79,1
7,80,1
7,81,1
7,82,1
7,83,1
7,84,1
7,85,1
7,86,1
7,87,1
7,88,1
7,89,1
7,90,1
7,91,2
7,92,1
7,93,1
7,94,1
7,95,2
7,96,1
7,97,1
7,98,1
7,99,1
7,100,2
7,101,1
7,102,1
7,103,1
7,104,1
7,105,2
7,106,1
7,107,1
7,108,2
7,109,1
7,110,1
7,111,1
7,112,1
7,113,1
7,114,1
7,115,1
7,116,1
7,117,1
7,118,2
7,119,1
7,120,1
7,121,1
7,122,1
7,123,1
7,124,1
7,125,1
7,126,1
7,127,1
7,128,1
7,129,1
7,130,1
7,131,2
7,132,1
7,133,1
7,134,1
7,135,1
7,136,1
7,137,1
7,138,1
7,139,1
7,140,1
7,141,1
7,142,1
7,143,1
7,144,1
7,145,1
7,146,1
7,147,1
7,148,2
7,149,1
7,150,1
7,151,1
7,152,1
7,153,1
7,154,1
7,155,1
7,156,1
7,157,1
7,158,1
7,159,1
7,160,2
7,161,2
7,162,2
7,163,1
7,164,1
7,165,2
7,166,1
7,167,1
7,168,1
7,169,1
7,170,1
7,171,1
7,172,1
7,173,1
7,174,1
7,175,1
7,176,1
7,177,2
7,178,1
7,179,1
7,180,1
7,181,1
7,182,1
7,183,1
7,184,1
7,185,1
7,186,1
7,187,1
7,188,1
7,189,2
7,190,1
7,191,2
7,192,2
7,193,1
7,194,1
7,195,2
7,196,1
7,197,1
7,198,1
7,199,1
7,200,1
7,201,2
7,202,1
7,203,1
7,204,1
7,205,1
7,206,1
7,207,1
7,208,1
7,209,1
7,210,1
7,211,1
7,212,1
7,213,1
7,214,2
7,215,1
7,216,1
7,217,1
7,218,1
7,219,1
7,220,1
7,221,1
7,222,1
7,223,1
7,224,1
7,225,1
7,226,1
7,227,1
7,228,1
7,229,1
7,230,2
7,231,1
7,232,2
7,233,1
7,234,1
7,235,1
7,236,1
7,237,1
7,238,1
7,239,1
7,240,1
7,241,1
7,242,1
7,243,1
7,244,1
7,245,1
7,246,1
7,247,1
7,248,1
7,249,1
7,250,1
7,251,1
7,252,1
7,253,1
7,254,1
7,255,1
7,256,2
7,257,1
7,258,1
7,259,2
7,260,1
7,261,1
7,262,1
7,263,1
7,264,1
7,265,1
7,266,1
7,267,1
7,268,1
7,269,1
7,270,2
7,271,1
7,272,1
7,273,1
7,274,1
7,275,1
7,276,1
7,277,1
7,278,2
7,279,1
7,280,1
7,281,1
7,282,1
7,283,1
7,284,1
7,285,1
7,286,1
7,287,1
7,288,1
7,289,1
7,290,1
7,291,1
7,292,1
7,293,1
7,294,1
7,295,1
7,296,1
7,297,1
7,298,2
7,299,1
7,300,1
7,301,2
7,302,1
7,303,1
7,304,1
7,305,1
7,306,1
7,307,1
7,308,1
7,309,2
7,310,1
7,311,1
7,312,2
7,313,2
7,314,1
7,315,1
7,316,1
7,317,2
7,318,1
7,319,1
7,320,2
7,321,2
7,322,1
7,323,1
7,324,1
7,325,1
7,326,1
7,327,1
7,328,1
7,329,1
7,330,1
7,331,1
7,332,1
7,333,2
7,334,1
7,335,2
7,336,1
7,337,1
7,338,1
7,339,1
7,340,1
7,341,1
7,342,1
7,343,1
7,344,1
7,345,1
7,346,1
7,347,1
7,348,1
7,349,1
7,350,1
7,351,1
7,352,1
7,353,1
7,354,2
7,355,1
7,356,1
7,357,1
7,358,1
7,359,1
7,360,1
7,361,1
7,362,1
7,363,2
7,364,1
7,365,1
7,366,1
7,367,1
7,368,1
7,369,2
7,370,1
7,371,1
7,372,1
7,373,1
7,374,1
7,375,1
7,376,1
7,377,1
7,378,1
7,379,1
7,380,1
7,381,2
7,382,1
7,383,1
7,384,1
7,385,1
7,386,1
7,387,1
7,388,1
7,389,1
7,390,1
7,391,1
7,392,1
7,393,1
7,394,1
7,395,1
7,396,1
7,397,1
7,398,1
7,399,1
7,400,1
8,1,2
8,2,2
8,3,2
8,4,2
8,5,2
8,6,2
8,7,2
8,8,2
8,9,2
8,10,2
8,11,2
8,12,2
8,13,2
8,14,2
8,15,2
8,16,2
8,17,2
8,18,2
8,19,2
8,20,2
8,21,2
8,22,2
8,23,2
8,24,2
8,25,2
8,26,2
8,27,2
8,28,2
8,29,2
8,30,2
8,31,2
8,32,2
8,33,2
8,34,2
8,35,2
8,36,2
8,37,2
8,38,2
8,39,2
8,40,2
8,41,2
8,42,2
8,43,2
8,44,2
8,45,2
8,46,2
8,47,2
8,48,2
8,49,2
8,50,2
8,51,2
8,52,2
8,53,2
8,54,2
8,55,2
8,56,2
8,57,2
8,58,2
8,59,2
8,60,2
8,61,2
8,62,2
8,63,2
8,64,2
8,65,2
8,66,2
8,67,2
8,68,2
8,69,2
8,70,2
8,71,2
8,72,2
8,73,1
8,74,1
8,75,1
8,76,1
8,77,1
8,78,1
8,79,1
8,80,1
8,81,1
8,82,1
8,83,1
8,84,2
8,85,1
8,86,1
8,87,1
8,88,1
8,89,1
8,90,2
8,91,1
8,92,1
8,93,1
8,94,1
8,95,1
8,96,1
8,97,1
8,98,2
8,99,2
8,100,1
8,101,1
8,102,1
8,103,1
8,104,1
8,105,1
8,106,1
8,107,2
8,108,1
8,109,1
8,110,2
8,111,1
8,112,1
8,113,1
8,114,1
8,115,2
8,116,2
8,117,2
8,118,1
8,119,1
8,120,1
8,121,1
8,122,1
8,123,1
8,124,1
8,125,2
8,126,2
8,127,1
8,128,2
8,129,1
8,130,1
8,131,1
8,132,1
8,133,1
8,134,1
8,135,1
8,136,1
8,137,1
8,138,1
8,139,1
8,140,1
8,141,1
8,142,1
8,143,1
8,144,1
8,145,1
8,146,2
8,147,1
8,148,2
8,149,2
8,150,1
8,151,1
8,152,2
8,153,1
8,154,1
8,155,1
8,156,1
8,157,1
8,158,1
8,159,1
8,160,2
8,161,1
8,162,1
8,163,1
8,164,1
8,165,1
8,166,1
8,167,1
8,168,1
8,169,1
8,170,1
8,171,1
8,172,2
8,173,1
8,174,1
8,175,1
8,176,1
8,177,2
8,178,1
8,179,1
8,180,1
8,181,2
8,182,1
8,183,1
8,184,2
8,185,2
8,186,2
8,187,1
8,188,2
8,189,2
8,190,1
8,191,1
8,192,1
8,193,1
8,194,1
8,195,1
8,196,1
8,197,1
8,198,1
8,199,1
8,200,1
8,201,1
8,202,1
8,203,1
8,204,1
8,205,1
8,206,1
8,207,2
8,208,1
8,209,1
8,210,1
8,211,2
8,212,1
8,213,1
8,214,1
8,215,1
8,216,1
8,217,1
8,218,1
8,219,2
8,220,1
8,221,1
8,222,1
8,223,1
8,224,1
8,225,1
8,226,1
8,227,1
8,228,1
8,229,1
8,230,1
8,231,1
8,232,1
8,233,1
8,234,1
8,235,1
8,236,1
8,237,1
8,238,1
8,239,1
8,240,1
8,241,2
8,242,1
8,243,2
8,244,2
8,245,1
8,246,2
8,247,1
8,248,1
8,249,1
8,250,1
8,251,2
8,252,1
8,253,1
8,254,1
8,255,1
8,256,2
8,257,1
8,258,1
8,259,1
8,260,1
8,261,1
8,262,1
8,263,1
8,264,1
8,265,1
8,266,1
8,267,1
8,268,1
8,269,1
8,270,1
8,271,1
8,272,1
8,273,1
8,274,1
8,275,1
8,276,1
8,277,1
8,278,1
8,279,1
8,280,1
8,281,1
8,282,2
8,283,1
8,284,1
8,285,1
8,286,1
8,287,1
8,288,1
8,289,1
8,290,1
8,291,1
8,292,1
8,293,1
8,294,1
8,295,1
8,296,2
8,297,1
8,298,1
8,299,2
8,300,1
8,301,1
8,302,1
8,303,1
8,304,1
8,305,2
8,306,1
8,307,1
8,308,1
8,309,1
8,310,1
8,311,1
8,312,2
8,313,1
8,314,2
8,315,1
8,316,2
8,317,2
8,318,1
8,319,1
8,320,1
8,321,1
8,322,1
8,323,2
8,324,1
8,325,2
8,326,1
8,327,1
8,328,1
8,329,2
8,330,1
8,331,1
8,332,1
8,333,1
8,334,1
8,335,1
8,336,2
8,337,1
8,338,2
8,339,1
8,340,1
8,341,1
8,342,1
8,343,1
8,344,1
8,345,2
8,346,1
8,347,1
8,348,1
8,349,1
8,350,1
8,351,1
8,352,1
8,353,1
8,354,1
8,355,1
8,356,2
8,357,1
8,358,1
8,359,1
8,360,1
8,361,1
8,362,1
8,363,1
8,364,1
8,365,1
8,366,1
8,367,1
8,368,1
8,369,1
8,370,1
8,371,2
8,372,1
8,373,1
8,374,1
8,375,1
8,376,2
8,377,1
8,378,1
8,379,1
8,380,1
8,381,1
8,382,1
8,383,2
8,384,1
8,385,1
8,386,2
8,387,1
8,388,1
8,389,1
8,390,1
8,391,2
8,392,1
8,393,2
8,394,2
8,395,1
8,396,1
8,397,1
8,398,1
8,399,1
8,400,1
8,401,1
8,402,2
8,403,1
8,404,1
8,405,1
8,406,1
8,407,1
8,408,1
8,409,1
8,410,1
8,411,1
8,412,2
8,413,1
8,414,1
8,415,1
8,416,2
8,417,1
8,418,1
8,419,1
8,420,1
8,421,1
8,422,1
8,423,1
8,424,1
8,425,1
8,426,2
8,427,1
8,428,1
8,429,1
8,430,2
8,431,1
8,432,1
8,433,1
8,434,1
8,435,1
8,436,1
8,437,1
8,438,1
8,439,1
8,440,1
8,441,1
8,442,1
8,443,2
8,444,1
8,445,1
8,446,2
8,447,1
8,448,1
8,449,1
8,450,1
8,451,1
8,452,2
8,453,1
8,454,1
8,455,1
8,456,1
8,457,1
8,458,1
8,459,1
8,460,2
8,461,1
8,462,1
8,463,1
8,464,1
8,465,1
8,466,1
8,467,2
8,468,1
8,469,1
8,470,1
8,471,1
8,472,1
8,473,1
8,474,1
8,475,1
8,476,1
8,477,1
8,478,2
8,479,1
8,480,2
8,481,1
8,482,1
8,483,1
8,484,2
8,485,1
8,486,2
8,487,1
8,488,1
8,489,1
8,490,2
8,491,2
8,492,1
8,493,1
8,494,1
8,495,1
8,496,1
8,497,1
8,498,1
8,499,1
8,500,1
8,501,1
8,502,2
8,503,1
8,504,1
8,505,1
8,506,2
8,507,1
8,508,2
8,509,1
8,510,1
8,511,2
8,512,1
8,513,1
8,514,1
8,515,1
8,516,1
8,517,1
8,518,1
8,519,1
8,520,1
8,521,1
8,522,1
8,523,1
8,524,1
8,525,1
8,526,1
8,527,1
8,528,1
8,529,1
8,530,1
8,531,1
8,532,2
8,533,1
8,534,1
8,535,1
8,536,1
8,537,1
8,538,1
8,539,1
8,540,2
8,541,1
8,542,1
8,543,1
8,544,1
8,545,1
8,546,1
8,547,1
8,548,1
8,549,1
8,550,1
8,551,2
8,552,1
8,553,1
8,554,1
8,555,1
8,556,2
8,557,1
8,558,1
8,559,1
8,560,1
8,561,1
8,562,2
8,563,1
8,564,2
8,565,1
8,566,2
8,567,1
8,568,1
8,569,1
8,570,1
8,571,1
8,572,1
8,573,1
8,574,1
8,575,2
8,576,1
8,577,1
8,578,1
8,579,1
8,580,1
8,581,1
8,582,1
8,583,2
8,584,1
8,585,1
8,586,2
8,587,1
8,588,1
8,589,1
8,590,1
8,591,1
8,592,1
8,593,1
8,594,1
8,595,2
8,596,1
8,597,1
8,598,1
8,599,1
8,600,1
8,601,1
8,602,1
8,603,1
8,604,2
8,605,1
8,606,1
8,607,1
8,608,1
8,609,1
8,610,1
8,611,1
8,612,1
8,613,1
8,614,1
8,615,1
8,616,2
8,617,1
8,618,1
8,619,2
8,620,1
8,621,1
8,622,1
8,623,1
8,624,1
8,625,2
8,626,1
8,627,2
8,628,1
8,629,1
8,630,1
8,631,1
8,632,1
8,633,1
8,634,1
8,635,2
8,636,1
8,637,1
8,638,1
8,639,1
8,640,1
8,641,2
8,642,1
8,643,1
8,644,1
8,645,1
8,646,1
8,647,1
8,648,1
8,649,1
8,650,1
8,651,1
8,652,1
8,653,2
8,654,1
8,655,1
8,656,1
8,657,1
8,658,1
8,659,1
8,660,1
8,661,1
8,662,1
8,663,1
8,664,1
8,665,2
8,666,1
8,667,1
8,668,2
8,669,1
8,670,2
8,671,1
8,672,1
8,673,1
8,674,1
8,675,1
8,676,1
8,677,1
8,678,1
8,679,1
8,680,1
8,681,1
8,682,1
8,683,1
8,684,1
8,685,1
8,686,1
8,687,1
8,688,2
8,689,1
8,690,1
8,691,2
8,692,2
8,693,1
8,694,1
8,695,1
8,696,1
8,697,1
8,698,2
8,699,1
8,700,1
8,701,1
8,702,1
8,703,2
8,704,1
8,705,1
8,706,1
8,707,1
8,708,1
8,709,1
8,710,1
8,711,1
8,712,2
8,713,1
8,714,2
8,715,1
8,716,1
8,717,1
8,718,1
8,719,1
8,720,2
8,721,1
8,722,1
8,723,1
8,724,1
8,725,1
8,726,1
8,727,1
8,728,1
8,729,1
8,730,1
8,731,1
8,732,2
8,733,1
8,734,1
8,735,1
8,736,1
8,737,1
8,738,1
8,739,1
8,740,1
8,741,1
8,742,1
8,743,1
8,744,1
8,745,1
8,746,1
8,747,1
8,748,1
8,749,1
8,750,2
8,751,1
8,752,1
8,753,1
8,754,1
8,755,2
8,756,1
8,757,1
8,758,1
8,759,1
8,760,1
8,761,2
8,762,2
8,763,1
8,764,2
8,765,1
8,766,1
8,767,1
8,768,1
8,769,2
8,770,1
8,771,1
8,772,2
8,773,1
8,774,1
8,775,1
8,776,1
8,777,1
8,778,1
8,779,1
8,780,2
8,781,1
8,782,1
8,783,1
8,784,1
8,785,1
8,786,1
8,787,1
8,788,2
8,789,1
8,790,2
8,791,1
8,792,1
8,793,1
8,794,1
8,795,1
8,796,1
8,797,1
8,798,1
8,799,2
8,800,1
8,801,1
8,802,1
8,803,1
8,804,1
8,805,1
8,806,2
8,807,1
8,808,1
8,809,1
8,810,1
8,811,1
8,812,1
8,813,1
8,814,1
8,815,1
8,816,1
8,817,1
8,818,1
8,819,1
8,820,1
8,821,2
8,822,1
8,823,1
8,824,2
8,825,1
8,826,1
8,827,1
8,828,1
8,829,2
8,830,1
8,831,1
8,832,1
8,833,1
8,834,1
8,835,2
8,836,1
8,837,1
8,838,2
8,839,1
8,840,1
8,841,1
8,842,1
8,843,1
8,844,1
8,845,1
8,846,1
8,847,1
8,848,1
8,849,1
8,850,1
8,851,1
8,852,1
8,853,1
8,854,1
8,855,1
8,856,1
8,857,1
8,858,1
8,859,2
8,860,1
8,861,1
8,862,2
8,863,1
8,864,1
8,865,1
8,866,1
8,867,1
8,868,1
8,869,2
8,870,1
8,871,1
8,872,1
8,873,1
8,874,1
8,875,2
8,876,1
8,877,1
8,878,1
8,879,1
8,880,1
8,881,1
8,882,1
8,883,1
8,884,1
8,885,1
8,886,1
8,887,1
8,888,2
8,889,1
8,890,1
8,891,1
8,892,1
8,893,1
8,894,1
8,895,1
8,896,1
8,897,1
8,898,1
8,899,1
8,900,2
8,901,1
8,902,1
8,903,1
8,904,1
8,905,1
8,906,1
8,907,1
8,908,1
8,909,1
8,910,1
8,911,2
8,912,1
8,913,1
8,914,1
8,915,1
8,916,1
8,917,1
8,918,1
8,919,1
8,920,1
8,921,1
8,922,2
8,923,1
8,924,1
8,925,1
8,926,1
8,927,1
8,928,1
8,929,1
8,930,1
8,931,2
8,932,1
8,933,2
8,934,1
8,935,1
8,936,1
8,937,1
8,938,2
8,939,1
8,940,1
8,941,2
8,942,1
8,943,1
8,944,1
8,945,1
8,946,1
8,947,1
8,948,1
8,949,1
8,950,1
8,951,1
8,952,1
8,953,1
8,954,1
8,955,1
8,956,1
8,957,1
8,958,1
8,959,1
8,960,1
8,961,2
8,962,1
8,963,2
8,964,1
8,965,1
8,966,1
8,967,1
8,968,1
8,969,1
8,970,1
8,971,1
8,972,1
8,973,1
8,974,1
8,975,1
8,976,1
8,977,1
8,978,1
8,979,1
8,980,1
8,981,1
8,982,1
8,983,1
8,984,2
8,985,1
8,986,1
8,987,1
8,988,1
8,989,2
8,990,2
8,991,1
8,992,1
8,993,2
8,994,2
8,995,1
8,996,2
8,997,1
8,998,1
8,999,1
8,1000,1
8,1001,1
8,1002,1
8,1003,1
8,1004,1
8,1005,1
8,1006,1
8,1007,1
8,1008,1
8,1009,2
8,1010,1
8,1011,1
8,1012,1
8,1013,1
8,1014,1
8,1015,1
8,1016,1
8,1017,1
8,1018,1
8,1019,1
8,1020,1
8,1021,1
8,1022,1
8,1023,1
8,1024,1
8,1025,1
8,1026,1
8,1027,1
8,1028,1
8,1029,1
8,1030,1
8,1031,1
8,1032,1
8,1033,1
8,1034,1
8,1035,2
8,1036,1
8,1037,1
8,1038,1
8,1039,1
8,1040,1
8,1041,1
8,1042,1
8,1043,1
8,1044,1
8,1045,2
8,1046,1
8,1047,2
8,1048,1
8,1049,1
8,1050,1
8,1051,1
8,1052,1
8,1053,1
8,1054,2
8,1055,2
8,1056,1
8,1057,1
8,1058,1
8,1059,1
8,1060,1
8,1061,1
8,1062,1
8,1063,1
8,1064,1
8,1065,1
8,1066,2
8,1067,2
8,1068,1
8,1069,1
8,1070,1
8,1071,1
8,1072,1
8,1073,1
8,1074,1
8,1075,2
8,1076,1
8,1077,1
8,1078,1
8,1079,1
8,1080,1
8,1081,1
8,1082,2
8,1083,1
8,1084,1
8,1085,1
8,1086,2
8,1087,1
8,1088,1
8,1089,1
8,1090,1
8,1091,1
8,1092,2
8,1093,1
8,1094,1
8,1095,1
8,1096,1
8,1097,1
8,1098,1
8,1099,2
8,1100,1
8,1101,1
8,1102,1
8,1103,1
8,1104,1
8,1105,1
8,1106,1
8,1107,1
8,1108,1
8,1109,2
8,1110,1
8,1111,1
8,1112,2
8,1113,1
8,1114,2
8,1115,1
8,1116,1
8,1117,1
8,1118,1
8,1119,2
8,1120,1
8,1121,1
8,1122,1
8,1123,1
8,1124,1
8,1125,1
8,1126,1
8,1127,1
8,1128,2
8,1129,1
8,1130,1
8,1131,1
8,1132,1
8,1133,1
8,1134,1
8,1135,1
8,1136,1
8,1137,2
8,1138,1
8,1139,1
8,1140,1
8,1141,1
8,1142,1
8,1143,1
8,1144,1
8,1145,1
8,1146,1
8,1147,2
8,1148,2
8,1149,1
8,1150,1
8,1151,1
8,1152,1
8,1153,2
8,1154,1
8,1155,1
8,1156,1
8,1157,1
8,1158,2
8,1159,1
8,1160,1
8,1161,1
8,1162,1
8,1163,1
8,1164,1
8,1165,1
8,1166,1
8,1167,1
8,1168,1
8,1169,2
8,1170,1
8,1171,2
8,1172,2
8,1173,1
8,1174,2
8,1175,1
8,1176,1
8,1177,1
8,1178,1
8,1179,2
8,1180,1
8,1181,1
8,1182,1
8,1183,1
8,1184,2
8,1185,1
8,1186,1
8,1187,2
8,1188,1
8,1189,1
8,1190,1
8,1191,1
8,1192,1
8,1193,1
8,1194,1
8,1195,2
8,1196,1
8,1197,1
8,1198,1
8,1199,1
8,1200,1
8,1201,1
8,1202,1
8,1203,1
8,1204,1
8,1205,1
8,1206,1
8,1207,2
8,1208,1
8,1209,2
8,1210,1
8,1211,2
8,1212,1
8,1213,1
8,1214,1
8,1215,1
8,1216,1
8,1217,1
8,1218,2
8,1219,1
8,1220,1
8,1221,1
8,1222,1
8,1223,1
8,1224,1
8,1225,1
8,1226,1
8,1227,1
8,1228,2
8,1229,1
8,1230,1
8,1231,1
8,1232,1
8,1233,1
8,1234,1
8,1235,1
8,1236,1
8,1237,1
8,1238,1
8,1239,1
8,1240,2
8,1241,1
8,1242,1
8,1243,1
8,1244,1
8,1245,1
8,1246,1
8,1247,1
8,1248,1
8,1249,1
8,1250,1
8,1251,1
8,1252,1
8,1253,1
8,1254,1
8,1255,1
8,1256,1
8,1257,2
8,1258,2
8,1259,1
8,1260,1
8,1261,1
8,1262,1
8,1263,1
8,1264,1
8,1265,1
8,1266,1
8,1267,1
8,1268,1
8,1269,2
8,1270,1
8,1271,2
8,1272,1
8,1273,1
8,1274,1
8,1275,1
8,1276,1
8,1277,1
8,1278,1
8,1279,1
8,1280,1
8,1281,1
8,1282,1
8,1283,1
8,1284,1
8,1285,2
8,1286,1
8,1287,1
8,1288,1
8,1289,1
8,1290,1
8,1291,1
8,1292,1
8,1293,1
8,1294,1
8,1295,1
8,1296,1
8,1297,2
8,1298,1
8,1299,1
8,1300,1
8,1301,1
8,1302,1
8,1303,1
8,1304,1
8,1305,1
8,1306,1
8,1307,1
8,1308,1
8,1309,1
8,1310,1
8,1311,1
8,1312,1
8,1313,1
8,1314,2
8,1315,1
8,1316,1
8,1317,1
8,1318,1
8,1319,1
8,1320,2
8,1321,1
8,1322,1
8,1323,1
8,1324,2
8,1325,1
8,1326,1
8,1327,1
8,1328,1
8,1329,1
8,1330,1
8,1331,1
8,1332,1
8,1333,1
8,1334,1
8,1335,2
8,1336,1
8,1337,1
8,1338,1
8,1339,1
8,1340,1
8,1341,1
8,1342,1
8,1343,1
8,1344,1
8,1345,1
8,1346,1
8,1347,1
8,1348,1
8,1349,1
8,1350,1
8,1351,2
8,1352,1
8,1353,1
8,1354,1
8,1355,1
8,1356,1
8,1357,2
8,1358,2
8,1359,1
8,1360,1
8,1361,1
8,1362,1
8,1363,1
8,1364,1
8,1365,1
8,1366,1
8,1367,1
8,1368,1
8,1369,1
8,1370,1
8,1371,1
8,1372,1
8,1373,2
8,1374,1
8,1375,1
8,1376,1
8,1377,1
8,1378,1
8,1379,1
8,1380,1
8,1381,1
8,1382,1
8,1383,1
8,1384,1
8,1385,1
8,1386,1
8,1387,2
8,1388,1
8,1389,1
8,1390,2
8,1391,1
8,1392,1
8,1393,2
8,1394,1
8,1395,1
8,1396,1
8,1397,2
8,1398,1
8,1399,1
8,1400,2
8,1401,1
8,1402,1
8,1403,1
8,1404,1
8,1405,1
8,1406,1
8,1407,1
8,1408,1
8,1409,1
8,1410,2
8,1411,1
8,1412,1
8,1413,1
8,1414,1
8,1415,1
8,1416,2
8,1417,1
8,1418,1
8,1419,1
8,1420,1
8,1421,1
8,1422,1
8,1423,1
8,1424,1
8,1425,1
8,1426,1
8,1427,1
8,1428,1
8,1429,1
8,1430,1
8,1431,1
8,1432,1
8,1433,1
8,1434,1
8,1435,1
8,1436,1
8,1437,1
8,1438,1
8,1439,1
8,1440,1
8,1441,1
8,1442,1
8,1443,1
8,1444,1
8,1445,1
8,1446,1
8,1447,1
8,1448,1
8,1449,1
8,1450,1
8,1451,1
8,1452,1
8,1453,1
8,1454,1
8,1455,1
8,1456,1
8,1457,1
8,1458,1
8,1459,1
8,1460,1
8,1461,1
8,1462,1
8,1463,1
8,1464,1
8,1465,1
8,1466,1
8,1467,1
8,1468,1
8,1469,1
8,1470,1
8,1471,1
8,1472,1
8,1473,1
8,1474,1
8,1475,1
8,1476,1
8,1477,1
8,1478,1
8,1479,1
8,1480,1
8,1481,1
8,1482,1
8,1483,1
8,1484,1
8,1485,1
8,1486,1
8,1487,1
8,1488,1
8,1489,1
8,1490,1
8,1491,1
8,1492,1
8,1493,1
8,1494,1
8,1495,1
8,1496,1
8,1497,1
8,1498,1
8,1499,1
8,1500,1
8,1501,1
8,1502,1
8,1503,1
8,1504,1
8,1505,1
8,1506,1
8,1507,1
8,1508,1
8,1509,1
8,1510,1
8,1511,1
8,1512,1
8,1513,1
8,1514,1
8,1515,1
8,1516,1
8,1517,1
8,1518,1
8,1519,1
8,1520,1
8,1521,1
8,1522,1
8,1523,1
8,1524,1
8,1525,1
8,1526,1
8,1527,1
8,1528,1
8,1529,1
8,1530,1
8,1531,1
8,1532,1
8,1533,1
8,1534,1
8,1535,1
8,1536,1
8,1537,1
8,1538,1
8,1539,1
8,1540,1
8,1541,1
8,1542,1
8,1543,1
8,1544,1
8,1545,1
8,1546,1
8,1547,1
8,1548,1
8,1549,1
8,1550,1
8,1551,1
8,1552,1
8,1553,1
8,1554,1
8,1555,1
8,1556,1
8,1557,1
8,1558,1
8,1559,1
8,1560,1
8,1561,1
8,1562,1
8,1563,1
8,1564,1
8,1565,1
8,1566,1
8,1567,1
8,1568,1
8,1569,1
8,1570,1
8,1571,1
8,1572,1
8,1573,1
8,1574,1
8,1575,1
8,1576,1
8,1577,1
8,1578,1
8,1579,1
8,1580,1
8,1581,1
8,1582,1
8,1583,1
8,1584,1
8,1585,1
8,1586,1
8,1587,1
8,1588,1
8,1589,1
8,1590,1
8,1591,1
8,1592,1
8,1593,1
8,1594,1
8,1595,1
8,1596,1
8,1597,1
8,1598,1
8,1599,1
8,1600,1
8,1601,1
8,1602,1
8,1603,1
8,1604,1
8,1605,1
8,1606,1
8,1607,1
8,1608,1
8,1609,1
8,1610,1
8,1611,1
8,1612,1
8,1613,1
8,1614,1
8,1615,1
8,1616,1
8,1617,1
8,1618,1
8,1619,1
9,1,2
9,2,2
9,3,2
9,4,2
9,5,2
9,6,2
9,7,2
9,8,2
9,9,2
9,10,2
9,11,2
9,12,2
9,13,2
9,14,2
9,15,2
9,16,2
9,17,2
9,18,2
9,19,2
9,20,2
9,21,2
9,22,2
9,23,2
9,24,2
9,25,2
9,26,2
9,27,2
9,28,2
9,29,2
9,30,2
9,31,2
9,32,2
9,33,2
9,34,2
9,35,2
9,36,2
9,37,2
9,38,2
9,39,2
9,40,2
9,41,2
9,42,2
9,43,2
9,44,2
9,45,2
9,46,2
9,47,2
9,48,2
9,49,2
9,50,2
9,51,2
9,52,2
9,53,1
9,54,1
9,55,1
9,56,2
9,57,2
9,58,1
9,59,1
9,60,2
9,61,1
9,62,1
9,63,1
9,64,1
9,65,1
9,66,1
9,67,1
9,68,1
9,69,1
9,70,2
9,71,1
9,72,1
9,73,1
9,74,1
9,75,1
9,76,1
9,77,1
9,78,1
9,79,1
9,80,1
9,81,1
9,82,1
9,83,1
9,84,2
9,85,1
9,86,1
9,87,1
9,88,1
9,89,1
9,90,2
9,91,1
9,92,1
9,93,1
9,94,1
9,95,1
9,96,1
9,97,1
9,98,1
9,99,1
9,100,1
9,101,1
9,102,1
9,103,1
9,104,1
9,105,1
9,106,1
9,107,1
9,108,1
9,109,1
9,110,1
9,111,1
9,112,1
9,113,1
9,114,2
9,115,1
9,116,1
9,117,1
9,118,2
9,119,1
9,120,1
9,121,2
9,122,1
9,123,1
9,124,1
9,125,2
9,126,1
9,127,1
9,128,1
9,129,1
9,130,2
9,131,1
9,132,1
9,133,1
9,134,1
9,135,1
9,136,1
9,137,1
9,138,1
9,139,1
9,140,1
9,141,1
9,142,2
9,143,1
9,144,1
9,145,1
9,146,1
9,147,1
9,148,1
9,149,1
9,150,1
9,151,1
9,152,1
9,153,1
9,154,1
9,155,1
9,156,1
9,157,2
9,158,1
9,159,1
9,160,1
9,161,1
9,162,1
9,163,1
9,164,1
9,165,1
9,166,1
9,167,1
9,168,1
9,169,1
9,170,2
9,171,1
9,172,1
9,173,1
9,174,1
9,175,1
9,176,1
9,177,1
9,178,1
9,179,1
9,180,1
9,181,1
9,182,1
9,183,2
9,184,1
9,185,1
9,186,1
9,187,1
9,188,1
9,189,1
9,190,1
9,191,1
9,192,1
9,193,2
9,194,1
9,195,1
9,196,1
9,197,2
9,198,1
9,199,1
9,200,1
9,201,1
9,202,1
9,203,1
9,204,1
9,205,1
9,206,1
9,207,2
9,208,1
9,209,1
9,210,1
9,211,1
9,212,1
9,213,1
9,214,1
9,215,1
9,216,1
9,217,1
9,218,1
9,219,1
9,220,1
9,221,1
9,222,1
9,223,1
9,224,1
9,225,1
9,226,1
9,227,1
9,228,1
9,229,1
9,230,1
9,231,1
9,232,1
9,233,1
9,234,2
9,235,1
9,236,1
9,237,1
9,238,1
9,239,1
9,240,2
9,241,1
9,242,1
9,243,1
9,244,1
9,245,1
9,246,1
9,247,2
9,248,2
9,249,2
9,250,1
9,251,1
9,252,2
9,253,1
9,254,1
9,255,2
9,256,1
9,257,1
9,258,1
9,259,1
9,260,1
9,261,1
9,262,1
9,263,1
9,264,1
9,265,1
9,266,1
9,267,1
9,268,1
9,269,2
9,270,1
9,271,1
9,272,1
9,273,1
9,274,1
9,275,1
9,276,1
9,277,1
9,278,1
9,279,2
9,280,1
9,281,2
9,282,1
9,283,2
9,284,2
9,285,1
9,286,1
9,287,1
9,288,1
9,289,1
9,290,1
9,291,1
9,292,2
9,293,2
9,294,1
9,295,1
9,296,2
9,297,1
9,298,1
9,299,1
9,300,2
9,301,1
9,302,1
9,303,1
9,304,1
9,305,1
9,306,1
9,307,1
9,308,1
9,309,1
9,310,1
9,311,1
9,312,1
9,313,1
9,314,1
9,315,1
9,316,1
9,317,1
9,318,1
9,319,1
9,320,1
9,321,1
10,1,2
10,2,2
10,3,2
10,4,2
10,5,2
10,6,2
10,7,2
10,8,2
10,9,2
10,10,2
10,11,2
10,12,2
10,13,2
10,14,2
10,15,2
10,16,2
10,17,2
10,18,2
10,19,2
10,20,2
10,21,2
10,22,2
10,23,2
10,24,2
10,25,2
10,26,2
10,27,2
10,28,2
10,29,2
10,30,2
10,31,2
10,32,2
10,33,2
10,34,2
10,35,2
10,36,2
10,37,2
10,38,2
10,39,2
10,40,2
10,41,2
10,42,1
10,43,1
10,44,1
10,45,1
10,46,1
10,47,1
10,48,1
10,49,1
10,50,1
10,51,1
10,52,2
10,53,1
10,54,1
10,55,1
10,56,1
10,57,1
10,58,1
10,59,1
10,60,1
10,61,1
10,62,1
10,63,1
10,64,1
10,65,1
10,66,1
10,67,1
10,68,1
10,69,1
10,70,1
10,71,1
10,72,1
10,73,1
10,74,1
10,75,1
10,76,1
10,77,1
10,78,1
10,79,2
10,80,2
10,81,2
10,82,2
10,83,1
10,84,2
10,85,1
10,86,1
10,87,2
10,88,1
10,89,1
10,90,1
10,91,1
10,92,1
10,93,1
10,94,2
10,95,2
10,96,1
10,97,1
10,98,1
10,99,1
10,100,1
10,101,1
10,102,1
10,103,1
10,104,1
10,105,1
10,106,1
10,107,1
10,108,1
10,109,1
10,110,1
10,111,1
10,112,1
10,113,2
10,114,1
10,115,1
10,116,1
10,117,1
10,118,1
10,119,1
10,120,1
10,121,1
10,122,1
10,123,1
10,124,1
10,125,2
10,126,1
10,127,1
10,128,1
10,129,1
10,130,2
10,131,1
10,132,1
10,133,1
10,134,1
10,135,1
10,136,1
10,137,1
10,138,1
10,139,1
10,140,1
10,141,1
10,142,1
10,143,1
10,144,1
10,145,1
10,146,1
10,147,1
10,148,1
10,149,1
10,150,1
10,151,1
10,152,1
10,153,1
10,154,2
10,155,1
10,156,1
10,157,2
10,158,1
10,159,1
10,160,1
10,161,1
10,162,1
10,163,1
10,164,1
10,165,1
10,166,1
10,167,1
10,168,1
10,169,1
10,170,1
10,171,1
10,172,1
10,173,1
10,174,1
10,175,2
10,176,1
10,177,1
10,178,2
10,179,1
10,180,1
10,181,2
10,182,1
10,183,1
10,184,1
10,185,1
10,186,1
10,187,1
10,188,1
10,189,1
10,190,1
10,191,1
10,192,1
10,193,1
10,194,1
10,195,1
10,196,1
10,197,2
10,198,1
10,199,2
10,200,1
10,201,1
10,202,1
10,203,2
10,204,1
10,205,2
10,206,1
10,207,1
10,208,1
10,209,1
10,210,1
10,211,1
10,212,1
10,213,1
10,214,1
10,215,1
10,216,1
10,217,1
10,218,1
10,219,2
10,220,1
10,221,1
10,222,1
10,223,1
10,224,1
10,225,1
10,226,1
10,227,1
10,228,1
10,229,1
10,230,1
10,231,2
10,232,1
10,233,1
10,234,1
10,235,1
10,236,1
10,237,1
10,238,1
10,239,2
10,240,1
10,241,1
10,242,1
10,243,1
10,244,1
10,245,1
10,246,1
10,247,1
10,248,2
10,249,1
10,250,1
10,251,1
10,252,2
10,253,1
10,254,1
10,255,1
10,256,1
10,257,1
10,258,2
10,259,1
10,260,1
10,261,1
10,262,2
10,263,1
10,264,1
10,265,1
10,266,1
10,267,1
10,268,1
10,269,2
10,270,1
10,271,1
10,272,1
10,273,1
10,274,1
10,275,2
10,276,1
10,277,1
10,278,2
10,279,1
10,280,1
10,281,1
10,282,1
10,283,1
10,284,1
10,285,1
10,286,1
10,287,1
10,288,2
10,289,1
10,290,1
10,291,1
10,292,1
10,293,1
10,294,1
10,295,1
10,296,1
10,297,1
10,298,1
10,299,1
10,300,2
10,301,1
10,302,1
10,303,1
10,304,1
10,305,1
10,306,1
10,307,1
10,308,1
10,309,1
10,310,1
10,311,1
10,312,1
10,313,1
10,314,1
10,315,1
10,316,1
10,317,1
10,318,1
10,319,2
10,320,1
10,321,2
10,322,1
10,323,1
10,324,1
10,325,1
10,326,1
10,327,1
10,328,1
10,329,1
10,330,1
10,331,1
10,332,1
10,333,1
10,334,1
10,335,1
10,336,1
10,337,1
10,338,1
10,339,2
10,340,1
10,341,2
10,342,1
10,343,1
10,344,1
10,345,1
10,346,1
10,347,1
10,348,1
10,349,1
10,350,1
10,351,1
10,352,1
10,353,1
10,354,1
10,355,1
10,356,2
10,357,1
10,358,1
10,359,1
10,360,2
10,361,1
10,362,1
10,363,1
10,364,1
10,365,1
10,366,1
10,367,2
10,368,1
10,369,1
10,370,1
10,371,1
10,372,1
10,373,2
10,374,1
10,375,1
10,376,1
10,377,1
10,378,1
10,379,1
10,380,1
10,381,1
10,382,1
10,383,2
10,384,1
10,385,1
10,386,1
10,387,1
10,388,1
10,389,1
10,390,1
10,391,1
10,392,1
10,393,1
10,394,1
10,395,1
10,396,2
10,397,1
10,398,1
10,399,1
10,400,1
10,401,1
10,402,2
10,403,1
10,404,1
10,405,1
10,406,1
10,407,1
10,408,1
10,409,1
10,410,1
10,411,1
10,412,1
10,413,1
10,414,1
10,415,1
10,416,1
10,417,1
10,418,1
10,419,1
10,420,1
10,421,1
10,422,1
10,423,1
10,424,1
10,425,1
10,426,1
10,427,1
10,428,1
10,429,2
10,430,1
10,431,1
10,432,2
10,433,1
10,434,1
10,435,1
10,436,1
10,437,1
10,438,2
10,439,1
10,440,1
10,441,1
10,442,1
10,443,2
10,444,1
10,445,2
10,446,1
10,447,1
10,448,1
10,449,1
10,450,1
10,451,1
10,452,1
10,453,1
10,454,1
10,455,1
10,456,1
10,457,2
10,458,1
10,459,2
10,460,1
10,461,1
10,462,1
10,463,1
10,464,1
10,465,1
10,466,1
10,467,1
10,468,1
10,469,1
10,470,1
10,471,1
10,472,1
10,473,1
10,474,2
10,475,1
10,476,1
10,477,1
10,478,1
10,479,1
10,480,1
10,481,1
10,482,2
10,483,1
10,484,1
10,485,1
10,486,1
10,487,1
10,488,1
10,489,1
10,490,2
10,491,1
10,492,1
10,493,1
10,494,1
10,495,1
10,496,1
10,497,1
10,498,1
10,499,1
10,500,1
10,501,1
10,502,2
10,503,1
10,504,1
10,505,1
10,506,1
10,507,1
10,508,1
10,509,1
10,510,1
10,511,1
10,512,1
10,513,1
10,514,2
10,515,1
10,516,1
10,517,2
10,518,1
10,519,1
10,520,1
10,521,1
10,522,1
10,523,1
10,524,2
10,525,2
10,526,1
10,527,1
10,528,1
10,529,1
10,530,1
10,531,1
10,532,1
10,533,1
10,534,1
10,535,2
10,536,2
10,537,1
10,538,1
10,539,1
10,540,1
10,541,1
10,542,1
10,543,1
10,544,1
10,545,1
10,546,1
10,547,2
10,548,1
10,549,1
10,550,1
10,551,2
10,552,1
10,553,1
10,554,1
10,555,1
10,556,1
10,557,1
10,558,1
10,559,1
10,560,1
10,561,1
10,562,1
10,563,1
10,564,1
10,565,1
10,566,2
10,567,1
10,568,1
10,569,1
10,570,1
10,571,1
10,572,1
10,573,1
10,574,1
10,575,1
10,576,1
10,577,1
10,578,1
10,579,1
10,580,2
10,581,1
10,582,2
10,583,1
10,584,1
10,585,1
10,586,1
10,587,1
10,588,1
10,589,1
10,590,1
10,591,1
10,592,1
10,593,1
10,594,1
10,595,1
10,596,1
10,597,1
10,598,1
10,599,1
10,600,1
10,601,1
10,602,1
10,603,1
10,604,1
10,605,1
10,606,1
10,607,2
10,608,1
10,609,1
10,610,1
10,611,1
10,612,1
10,613,1
10,614,1
10,615,1
10,616,1
10,617,1
10,618,1
10,619,1
10,620,2
10,621,1
10,622,2
10,623,1
10,624,1
10,625,1
10,626,1
10,627,1
10,628,1
10,629,1
10,630,1
10,631,1
10,632,2
10,633,1
10,634,1
10,635,1
10,636,1
10,637,1
10,638,1
10,639,1
10,640,1
10,641,1
10,642,1
10,643,1
10,644,1
10,645,1
10,646,1
10,647,1
10,648,1
10,649,1
10,650,1
10,651,1
10,652,1
10,653,2
10,654,1
10,655,1
10,656,1
10,657,1
10,658,1
10,659,1
10,660,1
10,661,1
10,662,1
10,663,1
10,664,1
10,665,1
10,666,1
10,667,1
10,668,2
10,669,1
10,670,1
10,671,1
10,672,1
10,673,1
10,674,1
10,675,1
10,676,1
10,677,1
10,678,1
10,679,1
10,680,1
10,681,1
10,682,1
10,683,1
10,684,1
10,685,1
10,686,2
10,687,1
10,688,1
10,689,1
10,690,1
10,691,1
10,692,1
10,693,1
10,694,1
10,695,1
10,696,1
10,697,1
10,698,1
10,699,1
10,700,1
10,701,1
10,702,1
10,703,1
10,704,1
10,705,2
10,706,1
10,707,1
10,708,1
10,709,1
10,710,1
10,711,1
10,712,1
10,713,1
10,714,1
10,715,1
10,716,1
10,717,1
10,718,1
10,719,1
10,720,1
10,721,1
10,722,1
10,723,1
10,724,1
10,725,1
10,726,1
10,727,1
10,728,2
10,729,1
10,730,2
10,731,1
10,732,1
10,733,1
10,734,1
10,735,1
10,736,1
10,737,1
10,738,1
10,739,1
10,740,1
10,741,1
10,742,1
10,743,1
10,744,1
10,745,1
10,746,1
10,747,1
10,748,2
10,749,1
10,750,1
10,751,1
10,752,1
10,753,1
10,754,1
10,755,1
10,756,2
10,757,1
10,758,1
10,759,1
10,760,1
10,761,1
10,762,1
10,763,1
10,764,1
10,765,1
10,766,1
10,767,1
10,768,1
10,769,1
10,770,1
10,771,1
10,772,1
10,773,1
10,774,1
10,775,1
10,776,1
10,777,1
10,778,1
10,779,1
10,780,1
10,781,1
10,782,1
10,783,1
10,784,1
10,785,1
10,786,1
10,787,1
10,788,1
10,789,1
10,790,1
10,791,1
10,792,1
10,793,1
10,794,1
10,795,1
10,796,1
10,797,1
10,798,1
10,799,1
10,800,1
10,801,1
10,802,1
10,803,1
10,804,1
10,805,1
10,806,1
10,807,1
10,808,1
10,809,1
10,810,1
10,811,1
10,812,1
10,813,1
10,814,1
10,815,1
10,816,1
10,817,1
10,818,1
10,819,1
10,820,1
10,821,1
10,822,1
10,823,1
10,824,1
10,825,1
10,826,1
10,827,1
10,828,1
10,829,1
10,830,1
10,831,1
10,832,1
10,833,1
10,834,1
10,835,1
10,836,1
10,837,1
10,838,1
10,839,1
10,840,1
10,841,1
10,842,1
10,843,1
10,844,1
10,845,1
10,846,1
10,847,1
10,848,1
10,849,1
10,850,1
10,851,1
10,852,1
10,853,1
10,854,1
10,855,1
10,856,1
10,857,1
10,858,1
10,859,1
10,860,1
10,861,1
10,862,1
10,863,1
10,864,1
10,865,1
10,866,1
10,867,1
10,868,1
10,869,1
10,870,1
10,871,1
10,872,1
10,873,1
10,874,1
10,875,1
10,876,1
10,877,1
10,878,1
10,879,1
10,880,1